,,,분 류,,,,,,,,,,,,,,,,,,,
,,,웹 기초 & UI 구현,프론트엔드 프레임워크,백엔드 언어 & 서버,데이터베이스 & 모델링,API 설계 및 통신,인증 & 보안,상태 관리 및 데이터 캐싱,배포 & 데브옵스,심화 아키텍처,협업 배포 & 실무 프로젝트,,,,,,,,,,
훈련기관명,훈련과정명,대분류,1,2,3,4,5,6,7,8,9,10,,,,,,,,,,
이젠아카데미DX교육센터,"백엔드 웹개발자 부트캠프(자바,파이썬,AI챗봇)",풀스텍 개발,기본,심화,기본,기본,심화,기본,없음,기본,기본,심화,,,,,,,,,,
코드랩아카데미학원,클라우드 활용 O2O 서비스 플랫폼 웹&앱 개발,풀스텍 개발,기본,심화,기본,기본,기본,기본,없음,심화,기본,심화,,,,,,,,,,
엠비씨(MBC)아카데미컴퓨터학원 천호점,기업프로젝트 기반 빅데이터를 활용한 풀스택(프론트-백엔드) 개발자 양성,풀스텍 개발,기본,심화,심화,기본,기본,기본,없음,기본,기본,심화,,,,,,,,,,
엠비씨(MBC)아카데미 컴퓨터국비지원교육센터,클라우드(PaaS)를 활용한 지능형교통정보시스템 UI구현 전문가 양성,풀스텍 개발,기본,심화,기본,기본,기본,기본,없음,심화,기본,심화,,,,,,,,,,
대한상공회의소,[IBM] Cloud Native Dev base AI agent,풀스텍 개발,기본,심화,기본,기본,심화,기본,없음,심화,심화,심화,,,,,,,,,,
엠비씨(MBC)아카데미 컴퓨터국비지원교육센터,빅데이터 활용 실무 프로젝트 기반 JAVA 풀스택 개발자 양성과정,풀스텍 개발,기본,심화,심화,기본,기본,기본,없음,기본,기본,심화,,,,,,,,,,
하이미디어컴퓨터학원,"(클라우드 기반 MSA)풀스택 자바 개발자(React,SpringBoot,AWS)",풀스텍 개발,기본,심화,기본,심화,기본,기본,심화,심화,심화,심화,,,,,,,,,,
더조은컴퓨터아카데미,자바(JAVA)&클라우드(AWS) 활용 풀스택 취업캠프[의료영상 API연동 프로젝트],풀스텍 개발,기본,심화,기본,기본,심화,기본,없음,심화,기본,심화,,,,,,,,,,
하이미디어아카데미,"클라우드 기반의 자바 풀스택 (Springboot, React, flutter) 개발자",풀스텍 개발,기본,심화,기본,심화,기본,기본,심화,심화,기본,심화,,,,,,,,,,
하이미디어아카데미,생성형 AI를 활용한 자바(JAVA) 풀스택 개발자 (SpringBoot & React.js),풀스텍 개발,기본,심화,기본,심화,기본,기본,기본,기본,기본,심화,,,,,,,,,,
KH정보교육원 종로지원,프로젝트 기반 AWS 풀스택 웹 개발자 양성,풀스텍 개발,기본,심화,기본,기본,기본,기본,없음,심화,기본,심화,,,,,,,,,,
(주)KD아카데미컴퓨터학원 하남미사점,"프로젝트기반 풀스택 개발자 양성 과정(Java,Node,React,Vue)",풀스텍 개발,기본,심화,기본,심화,기본,기본,심화,기본,기본,심화,,,,,,,,,,
(주)KD아카데미,"클라우드기반 AI Automation 스마트관리시스템(물류관리,생산관리)자바 백엔드개발",풀스텍 개발,기본,심화,심화,기본,기본,기본,없음,심화,기본,심화,,,,,,,,,,
KD아카데미컴퓨터학원 김포점,기업요구를 반영한 프로젝트 기반 풀스택 개발자 양성과정,풀스텍 개발,기본,심화,기본,기본,기본,기본,없음,기본,기본,심화,,,,,,,,,,
부산IT교육센터,"[K디지털] Next Gen AI 융합 풀스택(스프링, 리액트, 앱) 개발자 양성",풀스텍 개발,기본,심화,기본,심화,심화,기본,심화,기본,기본,심화,,,,,,,,,,
한울직업전문학교,인공지능 기술 융합 백엔드 웹 전문개발자 양성,풀스텍 개발,기본,심화,기본,기본,심화,기본,없음,기본,기본,심화,,,,,,,,,,
그린컴퓨터아카데미 부산,자바&Springboot 크로스 플렛폼(풀스택) 융합 응용SW개발자 양성과정,풀스텍 개발,기본,심화,기본,기본,기본,기본,없음,기본,기본,심화,,,,,,,,,,
글로벌아이티(IT)인재개발학원,"풀스택 프레임워크(자바,스프링)기반 데이터 융합SW개발자 과정",풀스텍 개발,기본,심화,심화,기본,기본,기본,없음,기본,기본,심화,,,,,,,,,,
하이미디어아카데미,(실무 프로젝트기반) 자바 풀스택 개발자(React.js와 Springboot활용),풀스텍 개발,기본,심화,기본,심화,기본,기본,기본,기본,기본,심화,,,,,,,,,,
오라클자바교육학원,클라우드 기반 빅데이터 융합 자바(JAVA) 풀스택개발자 양성과정,풀스텍 개발,기본,심화,심화,기본,기본,기본,없음,심화,기본,심화,,,,,,,,,,
하이미디어아카데미,(실무 프로젝트기반)자바 풀스택 개발자(React/Springboot/Cloud 배포) 취업과정,풀스텍 개발,기본,심화,기본,심화,기본,기본,기본,심화,기본,심화,,,,,,,,,,
이젠아카데미컴퓨터학원,인터렉티브 생성형 AI 챗봇 & 풀스택 개발자,풀스텍 개발,기본,심화,기본,기본,심화,기본,없음,기본,기본,심화,,,,,,,,,,
플레이데이터평생교육원,한화시스템 BEYOND SW 캠프 - “청년들의 미래를 이끄는 프로그램”,풀스텍 개발,기본,심화,기본,기본,기본,기본,없음,기본,심화,심화,,,,,,,,,,
중앙정보처리학원,클라우드 기반 프론트엔드&백엔드 자바(JAVA) 풀스택 개발자 취업캠프,풀스텍 개발,기본,심화,기본,기본,기본,기본,없음,심화,기본,심화,,,,,,,,,,
영남인재교육원,기업요구를 반영한 프로젝트형 JAVA&SpringBoot&Vue 개발자 과정,풀스텍 개발,기본,심화,기본,심화,기본,기본,기본,기본,기본,심화,,,,,,,,,,
그린컴퓨터아카데미 부산,(생성형AI활용)Springboot 기반 웹개발과 Flutter 기반 앱개발 실무양성 심화과정,풀스텍 개발,기본,심화,기본,심화,기본,기본,심화,기본,기본,심화,,,,,,,,,,
그린컴퓨터아카데미 신촌,"UIUX프론트,백엔드(Java,Spring),Data분석(Python)SW개발자 (참여기업프로젝트 참여) 양성과정",풀스텍 개발,기본,심화,기본,기본,기본,기본,없음,기본,기본,심화,,,,,,,,,,
주식회사경일게임아이티아카데미,DevOps 풀스택 개발자 부트캠프,풀스텍 개발,기본,심화,기본,기본,기본,기본,없음,심화,심화,심화,,,,,,,,,,
(주)LG CNS Learning&Development담당(I),LG CNS AM Inspire Camp,풀스텍 개발,기본,심화,기본,기본,기본,기본,없음,심화,심화,심화,,,,,,,,,,
하이미디어컴퓨터학원,"생성형 AI 활용 자바 풀스택개발(ChatGPT, Claude, React, Springboot, AWS) 부트캠프",풀스텍 개발,기본,심화,기본,심화,심화,기본,기본,심화,기본,심화,,,,,,,,,,
이젠IT아카데미학원,"AWS를 활용한 자바(JAVA),스프링(Spring)기반 풀스택 개발자 양성",풀스텍 개발,기본,심화,기본,기본,기본,기본,없음,심화,기본,심화,,,,,,,,,,
한국표준협회,"[BNK부산은행]금융DT 아카데미(생성형AI활용,자바,Spring,Flutter) 개발자 양성과정",풀스텍 개발,기본,심화,심화,심화,기본,심화,기본,기본,기본,심화,,,,,,,,,,
이젠아카데미컴퓨터학원,"프로젝트기반 생성형 챗봇/백엔드 개발자(with 파이선,자바)",풀스텍 개발,기본,심화,기본,기본,심화,기본,없음,기본,기본,심화,,,,,,,,,,
(주)KD아카데미,"기업의 업무 자동화(RPA, 챗GPT) 플랫폼(JAVA, Spring) 개발",풀스텍 개발,기본,심화,기본,기본,심화,기본,없음,기본,기본,심화,,,,,,,,,,
명지대학교 산학협력단,인공지능 디지털 시스템반도체 R&D 설계 인력 양성,풀스텍 개발,기본,심화,기본,기본,기본,기본,없음,기본,기본,심화,,,,,,,,,,
한국IT교육원,[기업맞춤 PBT] 클라우드 기반 AI 서비스,풀스텍 개발,기본,심화,기본,기본,심화,기본,없음,심화,기본,심화,,,,,,,,,,
엠비씨(MBC)아카데미 컴퓨터교육센터 수원점,"클라우드 기반의 웹&앱 풀스택 개발자 양성(자바,도커,보안,AWS)",풀스텍 개발,기본,심화,기본,기본,기본,심화,없음,심화,기본,심화,,,,,,,,,,
한경닷컴IT교육센터,AI와 자바(Spring) 풀스택 과정(실시간 주식 데이터 활용),풀스텍 개발,기본,심화,기본,기본,심화,기본,없음,기본,기본,심화,,,,,,,,,,
하이미디어컴퓨터학원,"클라우드환경 자바(JAVA) 풀스택 AI융합 웹개발자(AWS, SpringBoot, React.js)",풀스텍 개발,기본,심화,기본,심화,심화,기본,기본,심화,기본,심화,,,,,,,,,,
멀티캠퍼스,"백엔드 개발자 부트캠프(AI, AWS 활용)",풀스텍 개발,기본,심화,기본,기본,심화,기본,없음,심화,기본,심화,,,,,,,,,,
한국정보교육원(구.경원직업전문학교),현업에서 바로 통하는 자바 풀스택 & 생성형AI 서비스개발 기업 프로젝트 완성,풀스텍 개발,기본,심화,기본,기본,심화,기본,없음,기본,기본,심화,,,,,,,,,,
경북산업직업전문학교,AI기반 빅데이터 플랫폼 풀스택 개발자,풀스텍 개발,기본,심화,심화,기본,심화,기본,없음,기본,기본,심화,,,,,,,,,,
그린컴퓨터아트학원,클라우드를 활용한 자바 스프링 백엔드 개발자 양성과정,풀스텍 개발,기본,심화,기본,기본,기본,기본,없음,심화,기본,심화,,,,,,,,,,
쌍용강북교육센터,AWS & CI/CD 기반 Java 클라우드 Full-Stack 개발자 양성과정,풀스텍 개발,기본,심화,기본,기본,기본,기본,없음,심화,심화,심화,,,,,,,,,,
윤성컴퓨터디자인DX아카데미,AWS 활용 자바 풀스택 개발자 양성,풀스텍 개발,기본,심화,기본,기본,기본,기본,없음,심화,기본,심화,,,,,,,,,,
넥스트러너스평생교육시설,초격차 캠프 백엔드 코스,풀스텍 개발,기본,심화,기본,기본,기본,기본,없음,기본,심화,심화,,,,,,,,,,
하이미디어컴퓨터디자인학원,"자바(파이썬) Full-Stack 개발자 양성 과정(Spring Boot기반의 React,JS활용)",풀스텍 개발,기본,심화,기본,심화,기본,기본,기본,기본,기본,심화,,,,,,,,,,
메가HRD센터평생교육시설,AI 활용 웹서비스 개발,풀스텍 개발,기본,심화,기본,기본,심화,기본,없음,기본,기본,심화,,,,,,,,,,
경영기술개발원교육센터주식회사,클라우드활용 자바 풀스택개발자,풀스텍 개발,기본,심화,기본,기본,기본,기본,없음,심화,기본,심화,,,,,,,,,,
(주)그렙,"타입스크립트로 함께하는 웹 풀 사이클 개발(React, Node.js)",풀스텍 개발,심화,심화,기본,심화,기본,기본,심화,심화,심화,심화,,,,,,,,,,
한국표준협회,LG전자 DX School,풀스텍 개발,기본,심화,기본,기본,기본,기본,없음,기본,기본,심화,,,,,,,,,,
(주)그렙,프로그래머스 데브코스: 생성형 AI활용 백엔드 개발,풀스텍 개발,기본,심화,기본,기본,심화,기본,없음,기본,기본,심화,,,,,,,,,,
더조은컴퓨터학원,"심화_생성형 AI·클라우드 풀스택(리액트, 리덕스, JPA, Django) 아키텍처 단기 프로젝트 멘토링 트랙",풀스텍 개발,기본,심화,기본,심화,심화,기본,심화,심화,심화,심화,,,,,,,,,,
시사IT아카데미평생교육원,클라우드기반 AI활용 웹서비스 자바풀스택 실무과정,풀스텍 개발,기본,심화,기본,기본,심화,기본,없음,심화,기본,심화,,,,,,,,,,
코드잇 평생교육원,AWS 활용 Spring 백엔드 개발자 실무 부트캠프,풀스텍 개발,기본,심화,기본,기본,기본,기본,없음,심화,기본,심화,,,,,,,,,,
(주)천재교육,에듀테크 풀스택 AI 개발자 양성(Java),풀스텍 개발,기본,심화,기본,기본,심화,기본,없음,기본,기본,심화,,,,,,,,,,
(주)글로벌아카데미(구.글로벌직업전문학교),"차세대 AI 예측 Solution 개발(Java, Python)",풀스텍 개발,기본,심화,심화,기본,심화,기본,없음,기본,기본,심화,,,,,,,,,,
코드잇 평생교육원,생성형 AI 활용 IT 스타트업 사업개발자 실무 부트캠프,풀스텍 개발,기본,기본,기본,기본,심화,기본,없음,기본,기본,심화,,,,,,,,,,
대한상공회의소,[GSITM] 부트캠프,풀스텍 개발,기본,심화,기본,기본,기본,기본,없음,기본,기본,심화,,,,,,,,,,
재단법인 국제인재능력개발원,[메가존]AI·클라우드 네이티브 개발자 양성과정,풀스텍 개발,기본,심화,기본,기본,심화,기본,없음,심화,심화,심화,,,,,,,,,,
(주)에스엠유니버스,(콘텐츠 테크놀러지 2과정) 차세대 가상 엔터테인먼트 콘텐츠 엔지니어 양성과정,풀스텍 개발,기본,심화,기본,기본,기본,기본,없음,기본,기본,심화,,,,,,,,,,
한국표준협회,[신한투자증권] 프로디지털아카데미,풀스텍 개발,기본,심화,심화,기본,기본,심화,없음,기본,심화,심화,,,,,,,,,,
부산IT교육센터,[K디지털] AI&빅데이터 분석 활용 풀스택 서비스 개발,풀스텍 개발,기본,심화,심화,기본,심화,기본,없음,기본,기본,심화,,,,,,,,,,
주식회사구름,핀테크 클라우드 서비스를 위한 풀스택 개발자 성장 과정,풀스텍 개발,기본,심화,심화,기본,기본,심화,없음,심화,기본,심화,,,,,,,,,,
주식회사구름,클라우드 네이티브 엔지니어링 개발자 과정,풀스텍 개발,기본,심화,기본,기본,기본,기본,없음,심화,심화,심화,,,,,,,,,,
주식회사구름,Spring 기반 백엔드 개발자 성장 과정,풀스텍 개발,기본,심화,기본,기본,기본,기본,없음,기본,기본,심화,,,,,,,,,,
KH정보교육원 부산지원,클라우드 네이티브 풀스택 & DevOps 개발자 아카데미,풀스텍 개발,기본,심화,기본,기본,기본,기본,없음,심화,심화,심화,,,,,,,,,,
주식회사구름,[구름 x 인프런] 자바 스프링 & 리액트 풀스택 개발자 성장 과정,풀스텍 개발,기본,심화,기본,심화,기본,기본,기본,기본,기본,심화,,,,,,,,,,
주식회사구름,심화_엔드 투 엔드 AI 통합 풀스택 개발 전문가 과정,풀스텍 개발,기본,심화,기본,기본,심화,기본,없음,기본,심화,심화,,,,,,,,,,
중앙HTA IT교육원,e-commerce 기업 연계형 풀스택 자바(Java) 웹 솔루션 개발 과정,풀스텍 개발,기본,심화,심화,기본,기본,기본,없음,기본,기본,심화,,,,,,,,,,
멀티캠퍼스,[현대이지웰] Java 풀스택 개발자 아카데미,풀스텍 개발,기본,심화,기본,기본,기본,기본,없음,기본,기본,심화,,,,,,,,,,
(주)한국능률협회컨설팅,[교보DTS] 실전 SI프로젝트 기반 JAVA 풀스택 개발자 양성과정,풀스텍 개발,기본,심화,기본,없음,기본,기본,없음,기본,기본,심화,,,,,,,,,,
오라클자바교육학원,스프링Boot & AWS 클라우드 활용 금융서비스 솔루션 백엔드 아키텍쳐 개발 프로젝트,풀스텍 개발,기본,심화,기본,기본,기본,심화,없음,심화,심화,심화,,,,,,,,,,
에이콘아카데미 홍대학원,자바(JAVA) 웹개발자 양성과정(클라우드),풀스텍 개발,기본,심화,기본,기본,기본,기본,없음,기본,기본,심화,,,,,,,,,,
양정인력개발센터,"빅데이터와 AI를 활용한 자바,파이썬 풀스택 개발자 양성",풀스텍 개발,기본,심화,심화,기본,심화,기본,없음,기본,기본,심화,,,,,,,,,,
팀스파르타주식회사,실시간 커머스 플랫폼 개발자 양성 과정,풀스텍 개발,기본,심화,심화,심화,기본,기본,심화,심화,심화,심화,,,,,,,,,,
에이콘아카데미(강남),콘텐츠 융합을 위한 자바(JAVA)기반 Full Stack 개발자 양성과정,풀스텍 개발,기본,심화,기본,없음,기본,기본,없음,기본,기본,심화,,,,,,,,,,
아이티윌,MSA기반 자바 백엔드 개발자 양성과정,풀스텍 개발,기본,심화,기본,기본,기본,기본,없음,심화,심화,심화,,,,,,,,,,
성결대학교산학협력단,AI 딥러닝(PYTHON) 중심의 자바(JAVA) 프론트엔드 백엔드 풀스택 개발,풀스텍 개발,기본,심화,기본,기본,심화,기본,없음,기본,기본,심화,,,,,,,,,,
이젠아카데미컴퓨터학원,AWS클라우드 활용 지능형 웹서비스 풀스택개발,풀스텍 개발,기본,심화,기본,기본,기본,기본,없음,심화,기본,심화,,,,,,,,,,
(주)엘리스그룹,엘리스 클라우드(자바/스프링) 기반 백엔드 엔지니어 트랙,풀스텍 개발,기본,심화,기본,기본,기본,기본,없음,심화,기본,심화,,,,,,,,,,
그린컴퓨터아카데미,Node.js&React 기반 풀스택(프론트앤드&백앤드) 개발자 양성과정,풀스텍 개발,기본,심화,기본,심화,기본,기본,심화,기본,기본,심화,,,,,,,,,,
부산대학교산학협력단,AI 데이터 분석 풀스택 웹 개발자 양성과정,풀스텍 개발,기본,심화,심화,기본,심화,기본,없음,기본,기본,심화,,,,,,,,,,
아이티윌 부산교육센터,"ChatGPT 활용 금융서비스 백엔드(자바, 스프링) 개발자",풀스텍 개발,기본,심화,기본,기본,심화,심화,없음,기본,기본,심화,,,,,,,,,,
아이티윌 부산교육센터,심화_Spring Boot & AWS 클라우드 기반 백엔드 실무 프로젝트 부트캠프,풀스텍 개발,기본,심화,기본,기본,기본,기본,없음,심화,기본,심화,,,,,,,,,,
(주)그렙,프로그래머스 데브코스 심화_Spring AI와 MSA를 활용한 백엔드 개발,풀스텍 개발,기본,심화,기본,기본,심화,기본,없음,심화,심화,심화,,,,,,,,,,
미래경영교육원,[생성형AI 기반] Spring Boot & AI 융합 지능형 백엔드 개발자 과정,풀스텍 개발,기본,심화,기본,기본,심화,기본,없음,기본,기본,심화,,,,,,,,,,
(주)우리인재개발원,"AWS기반 HyperAutomation융합 웹서비스플랫폼개발(JAVA,Python,RPA)",풀스텍 개발,기본,심화,기본,기본,기본,기본,없음,심화,기본,심화,,,,,,,,,,
시사IT아카데미평생교육원,생성형 AI와 프롬프트를 활용한 자바 응용개발자 양성과정,풀스텍 개발,기본,심화,기본,기본,심화,기본,없음,기본,기본,심화,,,,,,,,,,
KH정보교육원 부산지원,빅데이터 기반(파이썬·자바·웹) 엘라스틱 검색엔진 개발자,풀스텍 개발,기본,심화,심화,기본,기본,기본,없음,기본,기본,심화,,,,,,,,,,
(주)예담직업전문학교,"기업요구 Vue, Spring & Cloud 활용 풀스택 개발자 양성과정",풀스텍 개발,기본,심화,기본,기본,기본,기본,기본,기본,기본,심화,,,,,,,,,,
삼성국민취업아카데미(주),"[풀스텍]클라우드 기반의 웹&앱 개발자 취업연계 부트캠프(자바,도커,보안)",풀스텍 개발,기본,심화,기본,기본,기본,심화,기본,심화,심화,심화,,,,,,,,,,
두드림컴퓨터학원,"프로젝트 기반 풀스택(JAVA, Spring) 개발자 양성 과정",풀스텍 개발,기본,심화,기본,없음,기본,기본,없음,기본,기본,심화,,,,,,,,,,
중앙정보기술인재개발원,클라우드 데브옵스 프론트엔드&백엔드 자바(JAVA) 풀스택 개발자 취업캠프,풀스텍 개발,기본,심화,기본,기본,기본,기본,없음,심화,기본,심화,,,,,,,,,,
성남 그린컴퓨터아카데미,"프로젝트기반 웹&앱(자바,스프링,리액트,노코드) SW개발자 양성과정",풀스텍 개발,기본,심화,기본,기본,기본,기본,기본,기본,기본,심화,,,,,,,,,,
하이미디어아카데미인재개발원,"[실무프로젝트]자바 웹개발자(React, Springboot, intelliJ, AWS)",풀스텍 개발,기본,심화,기본,기본,기본,기본,기본,기본,기본,심화,,,,,,,,,,
(주)솔데스크,자바/파이썬/챗GPT를 활용한 AI 개발자 양성과정,풀스텍 개발,기본,심화,기본,기본,심화,기본,없음,기본,기본,심화,,,,,,,,,,
더조은컴퓨터아카데미,JAVA 풀스택 웹&앱 개발자(클라우드) 취업캠프,풀스텍 개발,기본,심화,기본,기본,기본,기본,없음,기본,기본,심화,,,,,,,,,,
구디아카데미,[프로젝트] 클라우드(AWS)활용 자바/스프링 개발 부트캠프,풀스텍 개발,기본,심화,기본,없음,기본,기본,없음,심화,기본,심화,,,,,,,,,,
그린컴퓨터아카데미 부산,"지역인재양성을 위한 MSA기반 크로스 플랫폼(자바,Springboot,Flutter) 개발자 과정",풀스텍 개발,기본,심화,기본,심화,기본,기본,심화,기본,심화,심화,,,,,,,,,,
글로벌아이티(IT)인재개발학원,"ChatGPT를 활용한 AI 웹앱(자바,파이썬) 서비스 개발자 양성 과정",풀스텍 개발,기본,심화,기본,기본,심화,기본,없음,기본,기본,심화,,,,,,,,,,
더조은컴퓨터아카데미,"프론트엔드(React, React Native) 웹개발&앱개발자 취업캠프",풀스텍 개발,심화,기본,없음,심화,기본,기본,심화,기본,기본,심화,,,,,,,,,,
글로벌아이티(IT)인재개발학원,"풀스택 프레임워크(자바,스프링)기반 데이터 융합SW개발자 과정",풀스텍 개발,기본,심화,심화,기본,기본,기본,없음,기본,기본,심화,,,,,,,,,,
두드림IT교육원,RPA+시큐어코딩을 활용한 자바스프링 개발자 양성과정,풀스텍 개발,기본,심화,기본,없음,기본,심화,없음,기본,기본,심화,,,,,,,,,,
솔데스크강남학원,자바(JAVA)와 사물인터넷(IOT)을 활용한 하이브리드 웹앱 풀스택 과정,풀스텍 개발,기본,심화,기본,기본,기본,기본,없음,기본,기본,심화,,,,,,,,,,
휴먼IT교육센터_국비지원무료교육,AI활용 JAVA 풀스택 개발자(클라우드 네이티브 구축),풀스텍 개발,기본,심화,기본,기본,기본,기본,없음,심화,기본,심화,,,,,,,,,,
동성인재개발교육원,"AI기반 스마트융합(JAVA, PYTHON) 풀스택 개발자 양성",풀스텍 개발,기본,심화,기본,기본,기본,기본,없음,기본,기본,심화,,,,,,,,,,
그린컴퓨터아트학원,기업요구 프로젝트 중심 MSA기반 자바 풀스택 (클라우드 활용) 개발자 양성과정,풀스텍 개발,기본,심화,기본,기본,기본,기본,없음,심화,심화,심화,,,,,,,,,,
중앙정보기술인재개발원,클라우드 데브옵스 프론트엔드&백엔드 자바(JAVA) 풀스택 개발자 취업캠프,풀스텍 개발,기본,심화,기본,기본,기본,기본,없음,심화,기본,심화,,,,,,,,,,
연세IT미래교육원,"AI 활용 실무 프로젝트 기반 풀스택(프론트엔드, 백엔드) 개발자 양성",풀스텍 개발,기본,심화,기본,심화,기본,기본,기본,기본,기본,심화,,,,,,,,,,
(주)휴먼교육센터,자바(JAVA)활용 데이터 플랫폼 구축 풀스택 개발자 과정,풀스텍 개발,기본,심화,심화,기본,기본,기본,없음,기본,기본,심화,,,,,,,,,,
더조은컴퓨터아카데미 종로,빅데이터분석(ElasticStack)활용&자바웹개발자,풀스텍 개발,기본,심화,기본,없음,기본,기본,없음,기본,기본,심화,,,,,,,,,,
인천 그린컴퓨터아카데미,(기업연계) 클라우드 기반 자바 풀스택 개발 프로젝트 과정,풀스텍 개발,기본,심화,기본,기본,기본,기본,없음,심화,기본,심화,,,,,,,,,,
더조은컴퓨터아카데미 종로,인공지능(AI)활용 서비스 개발자(프론트엔드_React) 취업과정,풀스텍 개발,심화,기본,기본,심화,심화,기본,심화,기본,기본,심화,,,,,,,,,,
동성인재개발교육원,클라우드 AI기반 마이크로서비스 풀스택(리액트/자바) 개발,풀스텍 개발,기본,심화,기본,심화,기본,기본,기본,심화,심화,심화,,,,,,,,,,
(주)KD아카데미컴퓨터학원 하남미사점,"[K디지털]실무 프로젝트기반 풀스택(Java, Spring boot, Node.js, React) 부트캠프",풀스텍 개발,기본,심화,기본,심화,기본,기본,심화,기본,기본,심화,,,,,,,,,,
더조은컴퓨터아카데미 종로,"프로젝트 기반 풀스택(프론트/백엔드) 개발자 취업캠프(리액트,자바,스프링부트)",풀스텍 개발,기본,심화,기본,심화,기본,기본,기본,기본,기본,심화,,,,,,,,,,
(주)이젠컴퓨터아카데미안산,[기업연계 프로젝트형] 풀스텍 개발자 과정,풀스텍 개발,기본,심화,기본,기본,기본,기본,없음,기본,기본,심화,,,,,,,,,,
휴먼IT교육센터_내일배움카드교육,심화_인공지능(AI) 서비스 기반 웹 개발자 심화 프로젝트,풀스텍 개발,기본,심화,기본,기본,심화,기본,없음,기본,심화,심화,,,,,,,,,,
인천더조은컴퓨터아트학원,MSA기반 플러터(Dart)활용 자바(JAVA)프론트엔드 백엔드 풀스택 웹(앱)개발,풀스텍 개발,기본,심화,기본,심화,기본,기본,심화,심화,심화,심화,,,,,,,,,,
(재)대덕인재개발원,전자정부 프레임워크 & React(AWS) 기반 풀_스택 개발자 양성과정,풀스텍 개발,기본,심화,기본,기본,기본,기본,기본,기본,심화,심화,,,,,,,,,,
그린컴퓨터아카데미 부산,"(롯데)기업맞춤형 프로젝트 기반 백엔드 자바, 스프링 웹 SW개발자 양성과정",풀스텍 개발,기본,심화,기본,없음,기본,기본,없음,기본,기본,심화,,,,,,,,,,
메가스터디아이티(IT)아카데미학원,"WEB3(웹3)전자지갑 풀스텍(JAVA,React) 개발자",풀스텍 개발,기본,심화,기본,심화,심화,심화,기본,기본,심화,심화,,,,,,,,,,
인천더조은컴퓨터아트학원,"[취업기업확대]AI활용 풀스택(프론트엔드,백엔드)부트캠프(자바,파이썬,플러터)",풀스텍 개발,기본,심화,기본,기본,기본,기본,기본,기본,심화,심화,,,,,,,,,,
휴먼IT교육센터_내일배움카드교육,"인공지능(AI),빅데이터 활용 웹솔루션 개발자 양성(Python, Java)",풀스텍 개발,기본,심화,기본,기본,기본,기본,없음,기본,심화,심화,,,,,,,,,,
노원그린컴퓨터아카데미,AWS기반 스마트오더(Rabbit MQ_양방향 메세징시스템)자바풀스택 웹개발자 양성과정,풀스텍 개발,기본,심화,기본,기본,심화,기본,없음,심화,심화,심화,,,,,,,,,,
역삼 그린컴퓨터아카데미,"생성형AI를 활용한 커머스웹(PHP, Laravel, Docker, AWS)개발자 과정",풀스텍 개발,기본,심화,기본,기본,기본,기본,없음,심화,기본,심화,,,,,,,,,,
휴먼IT교육센터_내일배움카드교육,스마트팩토리(MES)기반 자바(JAVA) 풀스택 개발자 과정,풀스텍 개발,기본,심화,심화,기본,기본,기본,없음,기본,기본,심화,,,,,,,,,,
하이미디어IT인재개발학원,자바와 생성형AI를 활용한 차세대 CRM플랫폼 개발,풀스텍 개발,기본,심화,기본,기본,심화,기본,없음,기본,심화,심화,,,,,,,,,,
(주)휴먼교육센터,JAVA(자바)활용 스마트팩토리 MES 웹 솔루션 개발자,풀스텍 개발,기본,심화,심화,기본,기본,기본,없음,기본,기본,심화,,,,,,,,,,
하이미디어IT인재개발학원,자바 풀스택&AI를 활용한 개발자양성 취업과정(APS플랫폼 개발),풀스텍 개발,기본,심화,심화,기본,기본,기본,없음,기본,심화,심화,,,,,,,,,,
하이미디어아카데미인재개발원,"[프로젝트기반]자바 풀스택 개발자(React.js, Springboot, CI/CD 활용)",풀스텍 개발,기본,심화,기본,심화,기본,기본,기본,심화,기본,심화,,,,,,,,,,
백석대학교산학협력단,지능형 블록체인 웹 개발자 양성과정,풀스텍 개발,기본,기본,기본,기본,심화,심화,기본,기본,심화,심화,,,,,,,,,,