대분류,훈련과정명,1,2,3,4,5,6,7,8,9,10
웹개발(프론트엔드),인공지능(AI)활용 서비스 개발자(프론트엔드_React) 취업과정,기본,기본,기본,기본,심화,기본,기본,없음,기본,심화
웹개발(프론트엔드),UXUI디자인&웹기획 프론트엔드 부트캠프,심화,기본,기본,없음,기본,없음,없음,없음,기본,심화
웹개발(프론트엔드),"[KDT]웹퍼블리셔(UIUX)&프론트엔드개발(API,ChatGPT,피그마,리액트,뷰)기업플랫폼프로젝트",심화,기본,기본,기본,심화,없음,없음,없음,기본,심화
웹개발(프론트엔드),생성형 AI를 활용한 영상 웹퍼블리셔&프론트엔드(React) 개발자 양성,심화,기본,기본,기본,심화,기본,기본,없음,기본,심화
웹개발(프론트엔드),『프로젝트기반』프론트엔드 개발자 양성(Figma/React/Next.js/PHP/Mysql/chatGPT),기본,기본,기본,기본,심화,심화,심화,심화,기본,심화
웹개발(프론트엔드),"[이스트캠프] 오르미 프론트엔드 개발(React, HTML/CSS/JavaScript)",기본,심화,기본,기본,심화,기본,기본,심화,심화,심화
웹개발(프론트엔드),"[K-디지털]인공지능(AI) 활용 스마트웹개발자양성(Java,Python)",기본,기본,기본,없음,없음,없음,없음,심화,기본,심화
웹개발(프론트엔드),프로덕트 디자이너를 위한 프론트엔드 개발 융합 실무 과정,기본,기본,기본,없음,기본,없음,없음,없음,기본,심화
웹개발(프론트엔드),React 기반 프론트엔드 개발자 취업 특화 과정,기본,기본,기본,기본,심화,기본,기본,없음,기본,심화
웹개발(프론트엔드),현대오토에버 웹&앱 개발 스쿨,심화,기본,기본,없음,심화,없음,없음,없음,기본,심화
웹개발(프론트엔드),안드로이드 기반 앱 개발 실무 부트캠프,심화,기본,기본,없음,심화,없음,없음,없음,기본,심화
웹개발(프론트엔드),초격차 캠프 프론트엔드 코스,기본,기본,기본,없음,기본,없음,없음,없음,기본,심화
웹개발(프론트엔드),실무형 iOS 앱 개발자 양성과정,심화,기본,기본,없음,심화,없음,없음,없음,기본,심화
웹개발(프론트엔드),기업요구 AI플랫폼응용 SW개발및클라우드배포 프로젝트 완성 과정,기본,기본,기본,없음,없음,없음,없음,없음,기본,심화
웹개발(프론트엔드),앱 제작 실무 과정,기본,기본,기본,없음,없음,없음,없음,없음,기본,심화
웹개발(프론트엔드),기업 참여형 실무 중심 웹 프론트엔드 엔지니어 부트캠프,기본,기본,기본,없음,기본,없음,없음,없음,기본,심화
웹개발(프론트엔드),프론트엔드 엔지니어 부트캠프,기본,기본,기본,없음,기본,없음,없음,없음,기본,심화
웹개발(프론트엔드),UXUI디자인 웹 프론트엔드개발 부트캠프(생성형AI 활용/피그마),심화,기본,기본,없음,기본,없음,없음,없음,기본,심화
웹개발(프론트엔드),프로그래머스 데브코스: 클라우드 기반 프론트엔드 엔지니어링,기본,기본,기본,없음,기본,없음,없음,없음,기본,심화
클라우드,데브옵스/MSA/컨테이너 기반의 클라우드 네이티브 엔지니어 전문가 과정,심화,기본,심화,기본,심화,심화,기본,기본,심화,심화
클라우드,AWS와 Azure 기반 하이브리드 멀티클라우드 DevOps,심화,심화,심화,기본,심화,기본,기본,기본,심화,심화
클라우드,메가존클라우드 MSP 솔루션 아키텍트 양성 과정,기본,기본,심화,기본,기본,기본,기본,기본,기본,심화
클라우드,클라우드 기반 정보시스템 구축 전문가 양성,심화,심화,심화,기본,기본,기본,기본,기본,기본,심화
클라우드,[현대건설] Smart Plant,기본,심화,심화,기본,기본,기본,기본,기본,기본,심화
클라우드,[가비아] g클라우드 기반의 그룹웨어 개발자 양성과정,심화,기본,심화,기본,기본,기본,기본,기본,기본,심화
클라우드,LG헬로비전 DX DATA School,기본,기본,심화,기본,기본,기본,기본,기본,기본,심화
클라우드,파이썬&앤서블로 시작하는 클라우드 인프라(데브옵스) 전문가 양성,심화,심화,심화,기본,심화,기본,기본,심화,심화,심화
클라우드,심화_다양한 AI워크로드 최적화를 위한 클라우드 엔지니어링 전문가 과정,심화,기본,심화,심화,심화,심화,기본,심화,심화,심화
클라우드,AWS 클라우드와 온프레미스를 이용한 인프라 구축,심화,심화,심화,기본,기본,기본,기본,기본,기본,심화
클라우드,클라우드 시스템 운영관리자,심화,심화,심화,기본,기본,기본,기본,기본,기본,심화
클라우드,[교보DTS] Cloud architecture DX Academy(CDA),기본,기본,심화,심화,심화,심화,기본,심화,심화,심화
클라우드,[kt cloud] 클라우드 인프라 과정,심화,심화,심화,기본,심화,기본,기본,기본,기본,심화
클라우드,AWS Cloud School,심화,심화,심화,기본,심화,심화,기본,기본,심화,심화
클라우드,[우리FIS 아카데미] 클라우드 엔지니어링,심화,심화,심화,기본,심화,심화,기본,기본,심화,심화
클라우드,현대오토에버 클라우드 스쿨,심화,심화,심화,기본,심화,심화,기본,기본,심화,심화
클라우드,AI MSP 베스핀글로벌의 멀티클라우드(AWS·Azure·GCP·NCP) 엔지니어 부트캠프,기본,기본,심화,기본,심화,심화,기본,기본,심화,심화
클라우드,"심화_AWS클라우드네이티브 PWA위치기반 실무프로젝트CICD(Next,React,Typescript)",기본,기본,심화,기본,기본,기본,기본,기본,심화,심화
클라우드,[에스넷시스템] 클라우드 활용 네트워크 엔지니어 양성,심화,심화,심화,기본,기본,기본,기본,기본,기본,심화
임베디드(IOT),스마트 모빌리티 부트캠프 : 웹&모바일 통합 AI 자율주행 로봇 테크코스,기본,기본,기본,기본,없음,없음,없음,심화,심화,심화
임베디드(IOT),"[ 로봇 ] AI 영상기법을 활용한 실용적인 산업화 자율주행, 서비스 협동로봇 개발자 과정 (라이다, 뎁스카메라)",기본,기본,심화,기본,없음,없음,없음,기본,심화,심화
임베디드(IOT),"융합_[ ESG ] AIoT를 활용한 스마트 환경공정제어 자동화시스템 구축 (MES, ERP, PLC)",기본,심화,심화,없음,없음,없음,없음,심화,심화,심화
임베디드(IOT),"AI사물인터넷 MCU기반(STM32,ESP32) 임베디드펌웨어 전문가양성",심화,심화,심화,기본,없음,없음,없음,기본,심화,심화
임베디드(IOT),LIG넥스원 The SSEN 임베디드SW 스쿨,심화,기본,기본,심화,없음,없음,없음,기본,기본,심화
임베디드(IOT),"IoT기반 스마트팩토리(PLC,HMI,SCADA) 제어설계",기본,심화,심화,없음,없음,없음,없음,심화,심화,심화
임베디드(IOT),"IoT 지능형 관리시스템 웹&앱 개발자 양성과정(Java,Python,React)",기본,기본,기본,기본,없음,심화,없음,심화,심화,심화
임베디드(IOT),온디바이스 AI 반도체설계,심화,기본,기본,기본,없음,없음,없음,기본,심화,심화
임베디드(IOT),AIOT 기반 드론 영상 관제시스템 프로젝트 개발,기본,기본,심화,기본,기본,심화,없음,기본,심화,심화
임베디드(IOT),융합_[현대건설] Smart 안전,기본,기본,심화,기본,없음,없음,없음,기본,기본,심화
임베디드(IOT),차량용 반도체 IC 설계 및 프로젝트 실무인력 양성과정,기본,기본,기본,기본,없음,없음,없음,기본,기본,심화
임베디드(IOT),AIoT 무인선박 스마트시스템 개발자 양성과정,기본,기본,심화,기본,기본,심화,없음,심화,심화,심화
임베디드(IOT),현대오토에버 모빌리티 임베디드 SW 스쿨,기본,기본,심화,기본,없음,없음,없음,기본,기본,심화
임베디드(IOT),현대오토에버 스마트팩토리 스쿨,기본,심화,심화,없음,없음,없음,없음,심화,심화,심화
임베디드(IOT),스마트팜 전문가양성 과정,기본,기본,심화,기본,없음,없음,없음,기본,기본,심화
임베디드(IOT),[HDC Labs]생성형 AI 활용 스마트 IoT 분석 및 서비스 개발 과정,기본,기본,심화,기본,없음,없음,없음,심화,심화,심화
임베디드(IOT),[HDC Labs] 스마트 IoT 풀스택 개발자 과정,기본,기본,기본,기본,없음,없음,없음,심화,심화,심화
임베디드(IOT),[NHN] 인공지능 기반 IoT 웹서비스 개발자 양성과정,기본,기본,기본,기본,없음,없음,없음,심화,심화,심화
임베디드(IOT),기타_[한화에어로스페이스] Space Challenger Academy – 항공우주 기기설계,기본,기본,기본,심화,없음,없음,없음,기본,기본,심화
임베디드(IOT),카티아 자동화로봇 설계 & 스마트팩토리 디지털트윈 부트캠프,기본,심화,심화,없음,없음,없음,없음,심화,심화,심화
임베디드(IOT),"자율비행 드론 설계 및 제작(솔리드웍스,카티아,3D프린터,제어)",기본,심화,심화,기본,없음,없음,없음,기본,기본,심화
임베디드(IOT),융합_AIoT 반도체설계 Academy,심화,기본,심화,기본,없음,없음,없음,심화,심화,심화
메타버스,AI와 VR을 활용한 메타버스 건축 모델링 제작자 양성,심화,심화,심화,기본,기본,심화,기본,기본,기본,심화
메타버스,[K디지털] 실무 프로젝트기반 메타버스 플랫폼 콘텐츠 제작,기본,심화,심화,심화,기본,기본,기본,기본,심화,심화
메타버스,융합_[K-디지털]스마트관광컨벤션 서비스 제공을 위한 메타버스 구현,심화,심화,심화,기본,기본,기본,기본,기본,심화,심화
메타버스,[MBC 미디어 캠퍼스] 버추얼 팬덤 플랫폼 테크 전문가 양성 과정,기본,심화,심화,심화,기본,심화,기본,기본,심화,심화
보안,생성형 AI&LLM 기반 보안 시스템 엔지니어 양성 과정,심화,심화,기본,기본,기본,심화,기본,심화,기본,심화
보안,AI를 활용한 클라우드 보안엔지니어(화이트해커) 양성,심화,심화,기본,기본,심화,심화,심화,심화,심화,심화
보안,"정보보안 기반 클라우드, 서버 DevOps 인프라 및 네트워크 구성을 통한 실무형 엔지니어 양성",심화,기본,심화,기본,기본,기본,없음,기본,기본,심화
보안,[정보보안] 취약점분석 등 정보보안 전문가 취업캠프,기본,기본,기본,기본,심화,심화,심화,기본,기본,심화
보안,클라우드 기반 웹 개발자(보안코딩) 양성,심화,심화,기본,기본,심화,기본,없음,기본,기본,심화
보안,[이스트캠프] 가디언즈 정보보호 및 보안 인프라 운영 관리,심화,기본,심화,기본,기본,기본,기본,심화,기본,심화
보안,[Microsoft] CyberSecurity School,기본,기본,기본,기본,기본,기본,없음,기본,기본,심화
보안,WINS Cloud Security School,기본,기본,기본,기본,기본,기본,없음,기본,기본,심화
보안,[에스코어] 클라우드 및 보안 엔지니어 아카데미,심화,기본,기본,기본,기본,기본,없음,기본,기본,심화
보안,IaC 기반 하이브리드 클라우드 인프라 및 보안 솔루션 구축 과정,심화,기본,심화,기본,기본,기본,없음,심화,기본,심화
보안,현대오토에버 IT 보안 스쿨,기본,기본,기본,기본,기본,기본,없음,기본,기본,심화
보안,정보 보호 전문가 양성 마스터 클래스,심화,기본,심화,기본,심화,심화,없음,심화,기본,심화
보안,기업맞춤 정보보안 컨설턴트 양성 과정,기본,기본,기본,기본,기본,기본,없음,기본,기본,심화
보안,시스코(CISCO) 보안 아카데미,기본,기본,기본,기본,기본,기본,없음,기본,기본,심화
보안,생성형 AI활용 취약점분석& 클라우드 정보보안 부트캠프,심화,심화,기본,기본,심화,심화,심화,심화,기본,심화
보안,(정보보안)웹서버개발 및 웹보안 솔루션 구축 융합과정,심화,심화,기본,기본,심화,기본,없음,심화,기본,심화
보안,HIWARE로 완성하는 클라우드 IT 인프라 보안 엔지니어 양성,심화,기본,심화,기본,기본,기본,없음,기본,기본,심화
백엔드개발,AWS 클라우드 환경의 AI 적용 백엔드 API 서버 개발자 양성 과정,기본,기본,기본,기본,기본,심화,심화,기본,기본,심화
백엔드개발,"클라우드기반 AI Automation 스마트관리시스템(물류관리,생산관리)자바 백엔드개발",심화,기본,기본,기본,기본,기본,심화,기본,기본,심화
백엔드개발,인공지능 기술 융합 백엔드 웹 전문개발자 양성,기본,기본,기본,기본,기본,기본,기본,기본,기본,심화
백엔드개발,기업요구를 반영한 프로젝트형 JAVA&SpringBoot&Vue 개발자 과정,기본,기본,심화,기본,기본,기본,기본,기본,기본,심화
백엔드개발,(생성형AI활용)Springboot 기반 웹개발과 Flutter 기반 앱개발 실무양성 심화과정,기본,기본,심화,기본,기본,기본,기본,기본,기본,심화
백엔드개발,"[BNK부산은행]금융DT 아카데미(생성형AI활용,자바,Spring,Flutter) 개발자 양성과정",심화,기본,심화,기본,기본,기본,기본,기본,기본,심화
백엔드개발,"프로젝트기반 생성형 챗봇/백엔드 개발자(with 파이선,자바)",심화,기본,기본,기본,기본,기본,기본,기본,기본,심화
백엔드개발,"기업의 업무 자동화(RPA, 챗GPT) 플랫폼(JAVA, Spring) 개발",기본,기본,심화,기본,기본,기본,기본,심화,기본,심화
백엔드개발,디지털 컨버전스 중심 데이터 처리 SW 개발자 양성 과정,기본,기본,기본,심화,기본,기본,기본,기본,기본,심화
백엔드개발,Spring 기반 백엔드 개발자 성장 과정,기본,기본,심화,기본,기본,기본,기본,기본,기본,심화
백엔드개발,융합_자바 Spring을 활용한 금융서비스(빅데이터기반) 개발자 양성과정,심화,기본,심화,심화,기본,기본,기본,기본,기본,심화
백엔드개발,프로그래머스 데브코스 심화_Spring AI와 MSA를 활용한 백엔드 개발,기본,기본,심화,기본,기본,기본,기본,기본,심화,심화
백엔드개발,스프링Boot & AWS 클라우드 활용 금융서비스 솔루션 백엔드 아키텍쳐 개발 프로젝트,기본,기본,심화,기본,기본,기본,심화,기본,기본,심화
백엔드개발,"백엔드 개발자 부트캠프(AI, AWS 활용)",기본,기본,기본,기본,기본,기본,심화,기본,기본,심화
백엔드개발,MSA기반 자바 백엔드 개발자 양성과정,심화,기본,기본,기본,기본,기본,기본,기본,심화,심화
백엔드개발,엘리스 클라우드(자바/스프링) 기반 백엔드 엔지니어 트랙,심화,기본,심화,기본,기본,기본,심화,기본,기본,심화
백엔드개발,클라우드를 활용한 자바 스프링 백엔드 개발자 양성과정,심화,기본,심화,기본,기본,기본,심화,기본,기본,심화
백엔드개발,초격차 캠프 백엔드 코스,기본,기본,기본,기본,기본,기본,기본,기본,기본,심화
백엔드개발,프로그래머스 데브코스: 생성형 AI활용 백엔드 개발,기본,기본,기본,기본,기본,기본,기본,기본,기본,심화
백엔드개발,AWS 활용 Spring 백엔드 개발자 실무 부트캠프,기본,기본,심화,기본,기본,기본,심화,기본,기본,심화
백엔드개발,"[이스트캠프]오르미 백엔드 개발(Java, Spring, JPA)",심화,기본,심화,기본,심화,기본,기본,기본,기본,심화
백엔드개발,"AWS기반 HyperAutomation융합 웹서비스플랫폼개발(JAVA,Python,RPA)",심화,기본,기본,기본,기본,기본,심화,기본,기본,심화
백엔드개발,생성형 AI와 프롬프트를 활용한 자바 응용개발자 양성과정,심화,기본,기본,기본,기본,기본,기본,기본,기본,심화
백엔드개발,심화_Spring Boot & AWS 클라우드 기반 백엔드 실무 프로젝트 부트캠프,기본,기본,심화,기본,기본,기본,심화,기본,기본,심화
백엔드개발,"ChatGPT 활용 금융서비스 백엔드(자바, 스프링) 개발자",심화,기본,심화,기본,기본,기본,기본,기본,기본,심화
백엔드개발,[생성형AI 기반] Spring Boot & AI 융합 지능형 백엔드 개발자 과정,기본,기본,심화,기본,기본,기본,기본,기본,기본,심화
백엔드개발,빅데이터 기반(파이썬·자바·웹) 엘라스틱 검색엔진 개발자,심화,기본,기본,심화,기본,기본,기본,기본,기본,심화
마케팅,데이터 분석 기반 디지털 마케팅,기본,기본,심화,심화,심화,기본,심화,기본,심화,심화
마케팅,생성형 AI 기반 디지털 마케팅 전문가 양성 과정,기본,기본,기본,기본,심화,심화,기본,기본,심화,심화
마케팅,멀티모달 AI 기반 풀퍼널(Full-Funnel)마케팅 & 광고 성과 분석,기본,기본,심화,심화,심화,심화,기본,심화,심화,심화
디자인,AI 콘텐츠 기획 기반 3D FX·모션그래픽 아티스트 양성과정,기본,기본,심화,없음,기본,심화,기본,기본,심화,기본
디자인,카티아 자동차 엔지니어링 모빌리티 설계 및 3D프린팅 부트캠프,기본,없음,심화,없음,기본,심화,심화,기본,심화,심화
디자인,[Etevers] 언리얼엔진 DX Wave (3D Artist),기본,없음,심화,없음,기본,기본,심화,기본,심화,기본
디자인,UXUI디자인&웹기획 프론트엔드 부트캠프,기본,심화,기본,심화,심화,심화,심화,기본,심화,심화
디자인,[기업프로젝트] 데이터시각화 UI 개발자 트랙,기본,심화,기본,심화,기본,심화,기본,기본,심화,심화
디자인,LLM 기반 반응형 웹&인터랙티브 UI/UX 퍼블리싱 과정,기본,심화,기본,심화,심화,심화,심화,기본,심화,심화
디자인,[K디지털]스마트웹기반 콘텐츠기획과 UXUI디자인 및 웹&앱제작,기본,심화,기본,심화,심화,심화,심화,기본,심화,심화
디자인,(기업요구 반영)생성형 AI(ChatGPT)활용 멀티디바이스 UI&UX 개발자 양성과정,기본,심화,기본,심화,심화,심화,심화,기본,심화,심화
디자인,생성형 AI융합(영상제작&UI/UX) 웹개발&웹기획자 양성과정,기본,기본,심화,기본,기본,심화,기본,기본,심화,심화
디자인,멋쟁이사자처럼 UX/UI 디자인 부트캠프,기본,심화,기본,심화,심화,심화,심화,심화,심화,심화
디자인,"AI로 만드는 스마트 영상(영화/애니메이션/비디오북) 콘텐츠 제작 엔지니어링 과정(미드저니,Comfy-UI,Runway)",기본,기본,심화,없음,기본,심화,기본,기본,심화,심화
디자인,생성형 AI 기반 그래픽 디자이너 양성 과정,심화,기본,심화,기본,기본,기본,기본,기본,심화,기본
디자인,재직자_UX/UI 딥다이브 : 애자일 방식을 활용한 디자인 심화과정,기본,심화,기본,심화,심화,심화,심화,심화,심화,심화
디자인,UXUI디자인 웹 프론트엔드개발 부트캠프(생성형AI 활용/피그마),기본,심화,기본,심화,심화,심화,심화,기본,심화,심화
디자인,"[KDT]웹퍼블리셔(UIUX)&프론트엔드개발(API,ChatGPT,피그마,리액트,뷰)기업플랫폼프로젝트",기본,심화,기본,심화,심화,심화,심화,기본,심화,심화
디자인,[스타트업][스마트훈련]실무형 UX/UI 디자이너 양성과정,기본,심화,기본,심화,심화,심화,심화,심화,심화,심화
디자인,스타트업 맞춤형 프로덕트 디자이너 양성 과정,기본,심화,기본,심화,심화,심화,심화,심화,심화,심화
디자인,UXUI 디자인 부트캠프,기본,심화,기본,심화,심화,심화,심화,심화,심화,심화
디자인,실내건축&가상공간 인테리어디자인 - 메타버스VR,기본,없음,심화,없음,기본,심화,심화,기본,심화,심화
로봇,융합_로보테크 AI 자율주행 로봇 개발자 과정,심화,기본,기본,기본,심화,기본,심화,심화,기본,심화
로봇,[두산로보틱스] 지능형 로보틱스 엔지니어,기본,심화,기본,기본,심화,기본,기본,기본,기본,심화
로봇,심화_ROS2와 AI를 활용한 자율주행&로봇팔 개발자 부트캠프,심화,심화,기본,기본,심화,기본,심화,심화,심화,심화
로봇,"반도체 자동화로봇 장비설계 하이테크부트캠프(카티아,EFEM)",기본,없음,심화,기본,없음,심화,없음,없음,심화,심화
로봇,"3D프린터기반 지능형 서비스로봇 설계 및 제작(솔리드웍스,카티아,파이썬)",기본,없음,심화,기본,없음,심화,없음,없음,심화,심화
로봇,AI융합 로봇 SW 개발자,심화,심화,기본,기본,심화,기본,기본,심화,기본,심화
로봇,(HL 만도 및 HL Klemove) Intelligent Vehicle School,기본,기본,기본,기본,기본,기본,기본,기본,기본,심화
로봇,융합_AI 미래형모빌리티(로봇·ADAS),심화,기본,기본,기본,심화,기본,심화,심화,기본,심화
로봇,"로보틱스 메타팩토리 부트캠프(카티아,디지털트윈)",기본,없음,기본,기본,없음,심화,없음,없음,심화,심화
로봇,로봇활용 첨단 생산시스템 전문가 양성,기본,기본,기본,기본,기본,기본,기본,기본,심화,심화
로봇,AI 로봇 소프트웨어 개발자 양성,심화,심화,기본,기본,심화,기본,기본,심화,기본,심화
데이터 엔지니어,생성형AI와 챗GPT를 활용한 빅데이터 분석 & 자동화 시스템 구축,기본,심화,심화,심화,기본,기본,기본,기본,기본,심화
데이터 엔지니어,"심화_심층 데이터 분석을 통한 개인 맞춤형 예측 자동화 서비스 솔루션 개발 과정 (Hadoop, Tableau, TensorFlow)",기본,기본,기본,심화,기본,기본,기본,기본,기본,심화
데이터 엔지니어,(머신러닝+딥러닝 활용)제조 데이터를 활용한 빅데이터 플랫폼 구축과정,기본,심화,심화,심화,기본,기본,기본,기본,기본,심화
데이터 엔지니어,심화_생성형AI를 통한 데이터분석 RPA 자동화 서비스 플랫폼 개발과정,기본,심화,심화,기본,기본,기본,기본,기본,기본,심화
데이터 엔지니어,융합_[K-디지털]ICT활용 스마트물류시스템개발,기본,기본,기본,기본,기본,기본,기본,기본,기본,심화
데이터 분석,"빅데이터 기반 품질 관리(QA, QC) 양성과정",기본,기본,심화,기본,심화,기본,기본,기본,기본,심화
데이터 분석,[인공지능]AIoT를 이용한 빅데이터 분석 산업솔루션 개발 취업연계 부트캠프,기본,기본,심화,기본,심화,기본,심화,기본,기본,심화
데이터 분석,생성형AI 모델 개발 및 빅데이터분석 전문가(LLM & LMM 활용),기본,기본,심화,기본,심화,기본,심화,기본,기본,심화
데이터 분석,"심화_파이썬,React,Node.js기반 실시간 빅데이터분석 프로젝트 부트캠프",기본,기본,심화,기본,심화,기본,기본,기본,기본,심화
데이터 분석,빅데이터를 활용한 오라클 데이터 전문가 양성과정,기본,기본,심화,기본,심화,기본,기본,기본,기본,심화
데이터 분석,반도체 공정/설비 데이터 분석 전문가 양성과정,기본,기본,기본,기본,기본,기본,기본,기본,기본,심화
데이터 분석,심화_심층 데이터 분석을 통한 서비스 솔루션 개발자 과정,기본,기본,기본,기본,기본,기본,기본,기본,기본,심화
데이터 분석,[MBC 미디어 캠퍼스] AI 기반 데이터 저널리스트 양성 과정,기본,기본,기본,기본,기본,기본,심화,기본,기본,심화
데이터 분석,빅데이터 기반 자바(JAVA) 실무 프로젝트 개발자,기본,기본,심화,기본,심화,기본,기본,기본,기본,심화
데이터 분석,동아 MX School : 데이터와 AI 융합 미디어 혁신 과정,기본,기본,기본,기본,기본,기본,심화,기본,기본,심화
데이터 분석,[스마트훈련]데이터 사이언티스트 실무과정,기본,기본,기본,기본,기본,기본,기본,기본,기본,심화
데이터 분석,LG헬로비전 DX DATA School,기본,기본,기본,기본,기본,기본,기본,기본,기본,심화
데이터 분석,[SK플래닛] 빅데이터 분석가 과정,기본,기본,심화,기본,심화,기본,기본,기본,기본,심화
데이터 분석,핀테크 서비스 기획 및 데이터 분석 전문가 성장 과정,기본,기본,기본,기본,기본,기본,기본,기본,기본,심화
데이터 분석,머신러닝을 활용한 데이터 분석 부트캠프,기본,기본,기본,기본,기본,기본,심화,기본,기본,심화
데이터 분석,LG U+ Why Not SW캠프,기본,기본,기본,기본,기본,기본,기본,기본,기본,심화
데이터 분석,데이터 기반 의사결정 역량 강화 과정,기본,기본,기본,기본,기본,기본,기본,기본,기본,심화
데이터 분석,반도체 패키지 공정 데이터 분석 전문가 양성과정,기본,기본,기본,기본,기본,기본,기본,기본,기본,심화
데이터 분석,융합_퍼포먼스 마케팅과 데이터 분석 부트캠프(AI 활용),기본,기본,기본,기본,기본,기본,심화,기본,기본,심화
데이터 분석,금융 데이터 분석 부트캠프,기본,기본,기본,기본,기본,기본,기본,기본,기본,심화
데이터 분석,[스마트훈련]실무형 데이터분석가 양성과정,기본,기본,기본,기본,기본,기본,기본,기본,기본,심화
데이터 분석,[아이펠]생성형AI를 활용한 프로덕트 데이터 분석 과정,기본,기본,기본,기본,기본,기본,심화,기본,기본,심화
데이터 분석,데이터 분석 부트캠프,기본,기본,기본,기본,기본,기본,기본,기본,기본,심화
데이터 분석,데이터 분석가 부트캠프(AI 활용),기본,기본,기본,기본,기본,기본,심화,기본,기본,심화
데이터 분석,재직자_INNER CIRCLE : Business Analyst(데이터 분석) Course,기본,기본,기본,기본,기본,기본,기본,기본,기본,심화
데이터 분석,[키움] 디지털 아카데미,기본,기본,기본,기본,기본,기본,기본,기본,기본,심화
데이터 분석,AI 활용 데이터 분석가 부트캠프,기본,기본,기본,기본,기본,기본,심화,기본,기본,심화
데이터 분석,데이터분석 데브코스,기본,기본,기본,기본,기본,기본,기본,기본,기본,심화
데이터 분석,융합_빅데이터를 활용한 디지털금융 전문가,기본,기본,심화,기본,심화,기본,기본,기본,기본,심화
데이터 분석,스마트 국방 데이터 분석 과정(한화에어로스페이스),기본,기본,기본,기본,기본,기본,기본,기본,기본,심화
데이터 분석,재직자_BI를 위한 데이터 분석 자동화,기본,기본,기본,기본,기본,기본,기본,심화,기본,심화
데이터 분석,빅데이터를 활용한 오라클 데이터 전문가 부트캠프,기본,기본,심화,기본,심화,기본,기본,기본,기본,심화
기획,"융합_웹툰콘텐츠제작을 위한 AI(미드저니, ChatGPT)활용 전문인력(PD,콘티,캐릭터,배경,연출) 양성",기본,기본,없음,기본,없음,심화,심화,없음,기본,심화
기획,융합_OTT플랫폼 서비스 영상제작을 위한 생성형AI활용 스토리보드 및 시네마틱 영상제작자 양성과정,기본,기본,없음,기본,없음,심화,심화,없음,기본,심화
기획,챗GPT 생성형 AI를 활용한 반응형 웹콘텐츠(영상제작&코딩) 개발기획자 양성,기본,기본,없음,기본,없음,심화,심화,없음,기본,심화
기획,융합_데이터분석 기술을 활용한 디지털콘텐츠&마케팅 기획,기본,기본,없음,기본,없음,심화,기본,없음,기본,심화
기획,AI기반 멀티미디어콘텐츠 영상편집 크리에이터 마스터클래스,기본,기본,없음,기본,없음,심화,심화,없음,기본,심화
기획,VR을 활용한 실감형 콘텐츠 제작자 양성과정,기본,기본,없음,기본,없음,심화,기본,없음,기본,심화
기획,[다쏘시스템코리아] 카티아(CATIA) 첨단 모빌리티 스쿨,기본,기본,기본,기본,기본,기본,기본,기본,기본,심화
기획,"[이스트캠프] 와썹 AI 서비스 기획(PM, UI/UX, BM)",기본,기본,심화,기본,심화,심화,심화,심화,심화,심화
기획,프로덕트 매니지먼트 마스터 양성 과정,기본,기본,심화,기본,심화,심화,심화,심화,심화,심화
기획,웹 서비스기반 Technical 프로덕트 매니저(PM) 트랙,기본,기본,심화,기본,심화,심화,심화,심화,심화,심화
기획,방송영상 기반 AR·VR 실감콘텐츠 기획 제작,기본,기본,없음,기본,없음,심화,기본,없음,기본,심화
기획,AI 활용 서비스 기획/개발 전문가 과정,기본,기본,심화,기본,심화,심화,심화,심화,심화,심화
기획,[KBS미디어] AI 활용 실감형 미디어 콘텐츠 제작자 과정,기본,기본,없음,기본,없음,심화,심화,없음,기본,심화
기획,(콘텐츠 테크놀러지 1과정) 차세대 가상 엔터테인먼트 콘텐츠 디벨로퍼 양성과정,기본,기본,없음,기본,없음,심화,기본,없음,기본,심화
기획,기업요구 프로젝트 중심 웹 UIUX 분석 기획 개발자 양성과정,기본,기본,기본,기본,기본,기본,기본,기본,기본,심화
기획,융합_프로젝트 기반 에듀테크 기획자,기본,기본,기본,기본,기본,기본,기본,기본,기본,심화
기획,심화_[한국경제신문]생성형 AI를 활용한 미디어 콘텐츠 크리에이터 캠프,기본,기본,없음,기본,없음,심화,심화,없음,기본,심화
기획,재직자_INNER CIRCLE : 기획/디자인 Course,기본,기본,기본,기본,기본,기본,기본,기본,기본,심화
기획,[스마트훈련][스타트업트랙] IT 스타트업 실무형 사업 개발자(BD) 부트캠프,기본,기본,기본,기본,기본,기본,기본,기본,기본,심화
기획,에듀테크 상품서비스 PM(프로덕트매니저) 양성,기본,기본,심화,기본,심화,심화,심화,심화,심화,심화
기획,사업주_조직 관리를 위한 생성형 AI 활용 리더십 교육과정,기본,기본,기본,기본,기본,기본,기본,기본,기본,심화
기획,빅데이터 분석 기반 AI서비스 기획&개발 부트캠프,기본,기본,심화,기본,심화,심화,심화,심화,심화,심화
풀스텍 개발,"백엔드 웹개발자 부트캠프(자바,파이썬,AI챗봇)",기본,심화,기본,기본,심화,기본,없음,기본,기본,심화
풀스텍 개발,클라우드 활용 O2O 서비스 플랫폼 웹&앱 개발,기본,심화,기본,기본,기본,기본,없음,심화,기본,심화
풀스텍 개발,기업프로젝트 기반 빅데이터를 활용한 풀스택(프론트-백엔드) 개발자 양성,기본,심화,심화,기본,기본,기본,없음,기본,기본,심화
풀스텍 개발,클라우드(PaaS)를 활용한 지능형교통정보시스템 UI구현 전문가 양성,기본,심화,기본,기본,기본,기본,없음,심화,기본,심화
풀스텍 개발,[IBM] Cloud Native Dev base AI agent,기본,심화,기본,기본,심화,기본,없음,심화,심화,심화
풀스텍 개발,빅데이터 활용 실무 프로젝트 기반 JAVA 풀스택 개발자 양성과정,기본,심화,심화,기본,기본,기본,없음,기본,기본,심화
풀스텍 개발,"(클라우드 기반 MSA)풀스택 자바 개발자(React,SpringBoot,AWS)",기본,심화,기본,심화,기본,기본,심화,심화,심화,심화
풀스텍 개발,자바(JAVA)&클라우드(AWS) 활용 풀스택 취업캠프[의료영상 API연동 프로젝트],기본,심화,기본,기본,심화,기본,없음,심화,기본,심화
풀스텍 개발,"클라우드 기반의 자바 풀스택 (Springboot, React, flutter) 개발자",기본,심화,기본,심화,기본,기본,심화,심화,기본,심화
풀스텍 개발,생성형 AI를 활용한 자바(JAVA) 풀스택 개발자 (SpringBoot & React.js),기본,심화,기본,심화,기본,기본,기본,기본,기본,심화
풀스텍 개발,프로젝트 기반 AWS 풀스택 웹 개발자 양성,기본,심화,기본,기본,기본,기본,없음,심화,기본,심화
풀스텍 개발,"프로젝트기반 풀스택 개발자 양성 과정(Java,Node,React,Vue)",기본,심화,기본,심화,기본,기본,심화,기본,기본,심화
풀스텍 개발,"클라우드기반 AI Automation 스마트관리시스템(물류관리,생산관리)자바 백엔드개발",기본,심화,심화,기본,기본,기본,없음,심화,기본,심화
풀스텍 개발,기업요구를 반영한 프로젝트 기반 풀스택 개발자 양성과정,기본,심화,기본,기본,기본,기본,없음,기본,기본,심화
풀스텍 개발,"[K디지털] Next Gen AI 융합 풀스택(스프링, 리액트, 앱) 개발자 양성",기본,심화,기본,심화,심화,기본,심화,기본,기본,심화
풀스텍 개발,인공지능 기술 융합 백엔드 웹 전문개발자 양성,기본,심화,기본,기본,심화,기본,없음,기본,기본,심화
풀스텍 개발,자바&Springboot 크로스 플렛폼(풀스택) 융합 응용SW개발자 양성과정,기본,심화,기본,기본,기본,기본,없음,기본,기본,심화
풀스텍 개발,"풀스택 프레임워크(자바,스프링)기반 데이터 융합SW개발자 과정",기본,심화,심화,기본,기본,기본,없음,기본,기본,심화
풀스텍 개발,(실무 프로젝트기반) 자바 풀스택 개발자(React.js와 Springboot활용),기본,심화,기본,심화,기본,기본,기본,기본,기본,심화
풀스텍 개발,클라우드 기반 빅데이터 융합 자바(JAVA) 풀스택개발자 양성과정,기본,심화,심화,기본,기본,기본,없음,심화,기본,심화
풀스텍 개발,(실무 프로젝트기반)자바 풀스택 개발자(React/Springboot/Cloud 배포) 취업과정,기본,심화,기본,심화,기본,기본,기본,심화,기본,심화
풀스텍 개발,인터렉티브 생성형 AI 챗봇 & 풀스택 개발자,기본,심화,기본,기본,심화,기본,없음,기본,기본,심화
풀스텍 개발,한화시스템 BEYOND SW 캠프 - “청년들의 미래를 이끄는 프로그램”,기본,심화,기본,기본,기본,기본,없음,기본,심화,심화
풀스텍 개발,클라우드 기반 프론트엔드&백엔드 자바(JAVA) 풀스택 개발자 취업캠프,기본,심화,기본,기본,기본,기본,없음,심화,기본,심화
풀스텍 개발,기업요구를 반영한 프로젝트형 JAVA&SpringBoot&Vue 개발자 과정,기본,심화,기본,심화,기본,기본,기본,기본,기본,심화
풀스텍 개발,(생성형AI활용)Springboot 기반 웹개발과 Flutter 기반 앱개발 실무양성 심화과정,기본,심화,기본,심화,기본,기본,심화,기본,기본,심화
풀스텍 개발,"UIUX프론트,백엔드(Java,Spring),Data분석(Python)SW개발자 (참여기업프로젝트 참여) 양성과정",기본,심화,기본,기본,기본,기본,없음,기본,기본,심화
풀스텍 개발,DevOps 풀스택 개발자 부트캠프,기본,심화,기본,기본,기본,기본,없음,심화,심화,심화
풀스텍 개발,LG CNS AM Inspire Camp,기본,심화,기본,기본,기본,기본,없음,심화,심화,심화
풀스텍 개발,"생성형 AI 활용 자바 풀스택개발(ChatGPT, Claude, React, Springboot, AWS) 부트캠프",기본,심화,기본,심화,심화,기본,기본,심화,기본,심화
풀스텍 개발,"AWS를 활용한 자바(JAVA),스프링(Spring)기반 풀스택 개발자 양성",기본,심화,기본,기본,기본,기본,없음,심화,기본,심화
풀스텍 개발,"[BNK부산은행]금융DT 아카데미(생성형AI활용,자바,Spring,Flutter) 개발자 양성과정",기본,심화,심화,심화,기본,심화,기본,기본,기본,심화
풀스텍 개발,"프로젝트기반 생성형 챗봇/백엔드 개발자(with 파이선,자바)",기본,심화,기본,기본,심화,기본,없음,기본,기본,심화
풀스텍 개발,"기업의 업무 자동화(RPA, 챗GPT) 플랫폼(JAVA, Spring) 개발",기본,심화,기본,기본,심화,기본,없음,기본,기본,심화
풀스텍 개발,인공지능 디지털 시스템반도체 R&D 설계 인력 양성,기본,심화,기본,기본,기본,기본,없음,기본,기본,심화
풀스텍 개발,[기업맞춤 PBT] 클라우드 기반 AI 서비스,기본,심화,기본,기본,심화,기본,없음,심화,기본,심화
풀스텍 개발,"클라우드 기반의 웹&앱 풀스택 개발자 양성(자바,도커,보안,AWS)",기본,심화,기본,기본,기본,심화,없음,심화,기본,심화
풀스텍 개발,AI와 자바(Spring) 풀스택 과정(실시간 주식 데이터 활용),기본,심화,기본,기본,심화,기본,없음,기본,기본,심화
풀스텍 개발,"클라우드환경 자바(JAVA) 풀스택 AI융합 웹개발자(AWS, SpringBoot, React.js)",기본,심화,기본,심화,심화,기본,기본,심화,기본,심화
풀스텍 개발,"백엔드 개발자 부트캠프(AI, AWS 활용)",기본,심화,기본,기본,심화,기본,없음,심화,기본,심화
풀스텍 개발,현업에서 바로 통하는 자바 풀스택 & 생성형AI 서비스개발 기업 프로젝트 완성,기본,심화,기본,기본,심화,기본,없음,기본,기본,심화
풀스텍 개발,AI기반 빅데이터 플랫폼 풀스택 개발자,기본,심화,심화,기본,심화,기본,없음,기본,기본,심화
풀스텍 개발,클라우드를 활용한 자바 스프링 백엔드 개발자 양성과정,기본,심화,기본,기본,기본,기본,없음,심화,기본,심화
풀스텍 개발,AWS & CI/CD 기반 Java 클라우드 Full-Stack 개발자 양성과정,기본,심화,기본,기본,기본,기본,없음,심화,심화,심화
풀스텍 개발,AWS 활용 자바 풀스택 개발자 양성,기본,심화,기본,기본,기본,기본,없음,심화,기본,심화
풀스텍 개발,초격차 캠프 백엔드 코스,기본,심화,기본,기본,기본,기본,없음,기본,심화,심화
풀스텍 개발,"자바(파이썬) Full-Stack 개발자 양성 과정(Spring Boot기반의 React,JS활용)",기본,심화,기본,심화,기본,기본,기본,기본,기본,심화
풀스텍 개발,AI 활용 웹서비스 개발,기본,심화,기본,기본,심화,기본,없음,기본,기본,심화
풀스텍 개발,클라우드활용 자바 풀스택개발자,기본,심화,기본,기본,기본,기본,없음,심화,기본,심화
풀스텍 개발,"타입스크립트로 함께하는 웹 풀 사이클 개발(React, Node.js)",심화,심화,기본,심화,기본,기본,심화,심화,심화,심화
풀스텍 개발,LG전자 DX School,기본,심화,기본,기본,기본,기본,없음,기본,기본,심화
풀스텍 개발,프로그래머스 데브코스: 생성형 AI활용 백엔드 개발,기본,심화,기본,기본,심화,기본,없음,기본,기본,심화
풀스텍 개발,"심화_생성형 AI·클라우드 풀스택(리액트, 리덕스, JPA, Django) 아키텍처 단기 프로젝트 멘토링 트랙",기본,심화,기본,심화,심화,기본,심화,심화,심화,심화
풀스텍 개발,클라우드기반 AI활용 웹서비스 자바풀스택 실무과정,기본,심화,기본,기본,심화,기본,없음,심화,기본,심화
풀스텍 개발,AWS 활용 Spring 백엔드 개발자 실무 부트캠프,기본,심화,기본,기본,기본,기본,없음,심화,기본,심화
풀스텍 개발,에듀테크 풀스택 AI 개발자 양성(Java),기본,심화,기본,기본,심화,기본,없음,기본,기본,심화
풀스텍 개발,"차세대 AI 예측 Solution 개발(Java, Python)",기본,심화,심화,기본,심화,기본,없음,기본,기본,심화
풀스텍 개발,생성형 AI 활용 IT 스타트업 사업개발자 실무 부트캠프,기본,기본,기본,기본,심화,기본,없음,기본,기본,심화
풀스텍 개발,[GSITM] 부트캠프,기본,심화,기본,기본,기본,기본,없음,기본,기본,심화
풀스텍 개발,[메가존]AI·클라우드 네이티브 개발자 양성과정,기본,심화,기본,기본,심화,기본,없음,심화,심화,심화
풀스텍 개발,(콘텐츠 테크놀러지 2과정) 차세대 가상 엔터테인먼트 콘텐츠 엔지니어 양성과정,기본,심화,기본,기본,기본,기본,없음,기본,기본,심화
풀스텍 개발,[신한투자증권] 프로디지털아카데미,기본,심화,심화,기본,기본,심화,없음,기본,심화,심화
풀스텍 개발,[K디지털] AI&빅데이터 분석 활용 풀스택 서비스 개발,기본,심화,심화,기본,심화,기본,없음,기본,기본,심화
풀스텍 개발,핀테크 클라우드 서비스를 위한 풀스택 개발자 성장 과정,기본,심화,심화,기본,기본,심화,없음,심화,기본,심화
풀스텍 개발,클라우드 네이티브 엔지니어링 개발자 과정,기본,심화,기본,기본,기본,기본,없음,심화,심화,심화
풀스텍 개발,Spring 기반 백엔드 개발자 성장 과정,기본,심화,기본,기본,기본,기본,없음,기본,기본,심화
풀스텍 개발,클라우드 네이티브 풀스택 & DevOps 개발자 아카데미,기본,심화,기본,기본,기본,기본,없음,심화,심화,심화
풀스텍 개발,[구름 x 인프런] 자바 스프링 & 리액트 풀스택 개발자 성장 과정,기본,심화,기본,심화,기본,기본,기본,기본,기본,심화
풀스텍 개발,심화_엔드 투 엔드 AI 통합 풀스택 개발 전문가 과정,기본,심화,기본,기본,심화,기본,없음,기본,심화,심화
풀스텍 개발,e-commerce 기업 연계형 풀스택 자바(Java) 웹 솔루션 개발 과정,기본,심화,심화,기본,기본,기본,없음,기본,기본,심화
풀스텍 개발,[현대이지웰] Java 풀스택 개발자 아카데미,기본,심화,기본,기본,기본,기본,없음,기본,기본,심화
풀스텍 개발,[교보DTS] 실전 SI프로젝트 기반 JAVA 풀스택 개발자 양성과정,기본,심화,기본,없음,기본,기본,없음,기본,기본,심화
풀스텍 개발,스프링Boot & AWS 클라우드 활용 금융서비스 솔루션 백엔드 아키텍쳐 개발 프로젝트,기본,심화,기본,기본,기본,심화,없음,심화,심화,심화
풀스텍 개발,자바(JAVA) 웹개발자 양성과정(클라우드),기본,심화,기본,기본,기본,기본,없음,기본,기본,심화
풀스텍 개발,"빅데이터와 AI를 활용한 자바,파이썬 풀스택 개발자 양성",기본,심화,심화,기본,심화,기본,없음,기본,기본,심화
풀스텍 개발,실시간 커머스 플랫폼 개발자 양성 과정,기본,심화,심화,심화,기본,기본,심화,심화,심화,심화
풀스텍 개발,콘텐츠 융합을 위한 자바(JAVA)기반 Full Stack 개발자 양성과정,기본,심화,기본,없음,기본,기본,없음,기본,기본,심화
풀스텍 개발,MSA기반 자바 백엔드 개발자 양성과정,기본,심화,기본,기본,기본,기본,없음,심화,심화,심화
풀스텍 개발,AI 딥러닝(PYTHON) 중심의 자바(JAVA) 프론트엔드 백엔드 풀스택 개발,기본,심화,기본,기본,심화,기본,없음,기본,기본,심화
풀스텍 개발,AWS클라우드 활용 지능형 웹서비스 풀스택개발,기본,심화,기본,기본,기본,기본,없음,심화,기본,심화
풀스텍 개발,엘리스 클라우드(자바/스프링) 기반 백엔드 엔지니어 트랙,기본,심화,기본,기본,기본,기본,없음,심화,기본,심화
풀스텍 개발,Node.js&React 기반 풀스택(프론트앤드&백앤드) 개발자 양성과정,기본,심화,기본,심화,기본,기본,심화,기본,기본,심화
풀스텍 개발,AI 데이터 분석 풀스택 웹 개발자 양성과정,기본,심화,심화,기본,심화,기본,없음,기본,기본,심화
풀스텍 개발,"ChatGPT 활용 금융서비스 백엔드(자바, 스프링) 개발자",기본,심화,기본,기본,심화,심화,없음,기본,기본,심화
풀스텍 개발,심화_Spring Boot & AWS 클라우드 기반 백엔드 실무 프로젝트 부트캠프,기본,심화,기본,기본,기본,기본,없음,심화,기본,심화
풀스텍 개발,프로그래머스 데브코스 심화_Spring AI와 MSA를 활용한 백엔드 개발,기본,심화,기본,기본,심화,기본,없음,심화,심화,심화
풀스텍 개발,[생성형AI 기반] Spring Boot & AI 융합 지능형 백엔드 개발자 과정,기본,심화,기본,기본,심화,기본,없음,기본,기본,심화
풀스텍 개발,"AWS기반 HyperAutomation융합 웹서비스플랫폼개발(JAVA,Python,RPA)",기본,심화,기본,기본,기본,기본,없음,심화,기본,심화
풀스텍 개발,생성형 AI와 프롬프트를 활용한 자바 응용개발자 양성과정,기본,심화,기본,기본,심화,기본,없음,기본,기본,심화
풀스텍 개발,빅데이터 기반(파이썬·자바·웹) 엘라스틱 검색엔진 개발자,기본,심화,심화,기본,기본,기본,없음,기본,기본,심화
풀스텍 개발,"기업요구 Vue, Spring & Cloud 활용 풀스택 개발자 양성과정",기본,심화,기본,기본,기본,기본,기본,기본,기본,심화
풀스텍 개발,"[풀스텍]클라우드 기반의 웹&앱 개발자 취업연계 부트캠프(자바,도커,보안)",기본,심화,기본,기본,기본,심화,기본,심화,심화,심화
풀스텍 개발,"프로젝트 기반 풀스택(JAVA, Spring) 개발자 양성 과정",기본,심화,기본,없음,기본,기본,없음,기본,기본,심화
풀스텍 개발,클라우드 데브옵스 프론트엔드&백엔드 자바(JAVA) 풀스택 개발자 취업캠프,기본,심화,기본,기본,기본,기본,없음,심화,기본,심화
풀스텍 개발,"프로젝트기반 웹&앱(자바,스프링,리액트,노코드) SW개발자 양성과정",기본,심화,기본,기본,기본,기본,기본,기본,기본,심화
풀스텍 개발,"[실무프로젝트]자바 웹개발자(React, Springboot, intelliJ, AWS)",기본,심화,기본,기본,기본,기본,기본,기본,기본,심화
풀스텍 개발,자바/파이썬/챗GPT를 활용한 AI 개발자 양성과정,기본,심화,기본,기본,심화,기본,없음,기본,기본,심화
풀스텍 개발,JAVA 풀스택 웹&앱 개발자(클라우드) 취업캠프,기본,심화,기본,기본,기본,기본,없음,기본,기본,심화
풀스텍 개발,[프로젝트] 클라우드(AWS)활용 자바/스프링 개발 부트캠프,기본,심화,기본,없음,기본,기본,없음,심화,기본,심화
풀스텍 개발,"지역인재양성을 위한 MSA기반 크로스 플랫폼(자바,Springboot,Flutter) 개발자 과정",기본,심화,기본,심화,기본,기본,심화,기본,심화,심화
풀스텍 개발,"ChatGPT를 활용한 AI 웹앱(자바,파이썬) 서비스 개발자 양성 과정",기본,심화,기본,기본,심화,기본,없음,기본,기본,심화
풀스텍 개발,"프론트엔드(React, React Native) 웹개발&앱개발자 취업캠프",심화,기본,없음,심화,기본,기본,심화,기본,기본,심화
풀스텍 개발,"풀스택 프레임워크(자바,스프링)기반 데이터 융합SW개발자 과정",기본,심화,심화,기본,기본,기본,없음,기본,기본,심화
풀스텍 개발,RPA+시큐어코딩을 활용한 자바스프링 개발자 양성과정,기본,심화,기본,없음,기본,심화,없음,기본,기본,심화
풀스텍 개발,자바(JAVA)와 사물인터넷(IOT)을 활용한 하이브리드 웹앱 풀스택 과정,기본,심화,기본,기본,기본,기본,없음,기본,기본,심화
풀스텍 개발,AI활용 JAVA 풀스택 개발자(클라우드 네이티브 구축),기본,심화,기본,기본,기본,기본,없음,심화,기본,심화
풀스텍 개발,"AI기반 스마트융합(JAVA, PYTHON) 풀스택 개발자 양성",기본,심화,기본,기본,기본,기본,없음,기본,기본,심화
풀스텍 개발,기업요구 프로젝트 중심 MSA기반 자바 풀스택 (클라우드 활용) 개발자 양성과정,기본,심화,기본,기본,기본,기본,없음,심화,심화,심화
풀스텍 개발,클라우드 데브옵스 프론트엔드&백엔드 자바(JAVA) 풀스택 개발자 취업캠프,기본,심화,기본,기본,기본,기본,없음,심화,기본,심화
풀스텍 개발,"AI 활용 실무 프로젝트 기반 풀스택(프론트엔드, 백엔드) 개발자 양성",기본,심화,기본,심화,기본,기본,기본,기본,기본,심화
풀스텍 개발,자바(JAVA)활용 데이터 플랫폼 구축 풀스택 개발자 과정,기본,심화,심화,기본,기본,기본,없음,기본,기본,심화
풀스텍 개발,빅데이터분석(ElasticStack)활용&자바웹개발자,기본,심화,기본,없음,기본,기본,없음,기본,기본,심화
풀스텍 개발,(기업연계) 클라우드 기반 자바 풀스택 개발 프로젝트 과정,기본,심화,기본,기본,기본,기본,없음,심화,기본,심화
풀스텍 개발,인공지능(AI)활용 서비스 개발자(프론트엔드_React) 취업과정,심화,기본,기본,심화,심화,기본,심화,기본,기본,심화
풀스텍 개발,클라우드 AI기반 마이크로서비스 풀스택(리액트/자바) 개발,기본,심화,기본,심화,기본,기본,기본,심화,심화,심화
풀스텍 개발,"[K디지털]실무 프로젝트기반 풀스택(Java, Spring boot, Node.js, React) 부트캠프",기본,심화,기본,심화,기본,기본,심화,기본,기본,심화
풀스텍 개발,"프로젝트 기반 풀스택(프론트/백엔드) 개발자 취업캠프(리액트,자바,스프링부트)",기본,심화,기본,심화,기본,기본,기본,기본,기본,심화
풀스텍 개발,[기업연계 프로젝트형] 풀스텍 개발자 과정,기본,심화,기본,기본,기본,기본,없음,기본,기본,심화
풀스텍 개발,심화_인공지능(AI) 서비스 기반 웹 개발자 심화 프로젝트,기본,심화,기본,기본,심화,기본,없음,기본,심화,심화
풀스텍 개발,MSA기반 플러터(Dart)활용 자바(JAVA)프론트엔드 백엔드 풀스택 웹(앱)개발,기본,심화,기본,심화,기본,기본,심화,심화,심화,심화
풀스텍 개발,전자정부 프레임워크 & React(AWS) 기반 풀_스택 개발자 양성과정,기본,심화,기본,기본,기본,기본,기본,기본,심화,심화
풀스텍 개발,"(롯데)기업맞춤형 프로젝트 기반 백엔드 자바, 스프링 웹 SW개발자 양성과정",기본,심화,기본,없음,기본,기본,없음,기본,기본,심화
풀스텍 개발,"WEB3(웹3)전자지갑 풀스텍(JAVA,React) 개발자",기본,심화,기본,심화,심화,심화,기본,기본,심화,심화
풀스텍 개발,"[취업기업확대]AI활용 풀스택(프론트엔드,백엔드)부트캠프(자바,파이썬,플러터)",기본,심화,기본,기본,기본,기본,기본,기본,심화,심화
풀스텍 개발,"인공지능(AI),빅데이터 활용 웹솔루션 개발자 양성(Python, Java)",기본,심화,기본,기본,기본,기본,없음,기본,심화,심화
풀스텍 개발,AWS기반 스마트오더(Rabbit MQ_양방향 메세징시스템)자바풀스택 웹개발자 양성과정,기본,심화,기본,기본,심화,기본,없음,심화,심화,심화
풀스텍 개발,"생성형AI를 활용한 커머스웹(PHP, Laravel, Docker, AWS)개발자 과정",기본,심화,기본,기본,기본,기본,없음,심화,기본,심화
풀스텍 개발,스마트팩토리(MES)기반 자바(JAVA) 풀스택 개발자 과정,기본,심화,심화,기본,기본,기본,없음,기본,기본,심화
풀스텍 개발,자바와 생성형AI를 활용한 차세대 CRM플랫폼 개발,기본,심화,기본,기본,심화,기본,없음,기본,심화,심화
풀스텍 개발,JAVA(자바)활용 스마트팩토리 MES 웹 솔루션 개발자,기본,심화,심화,기본,기본,기본,없음,기본,기본,심화
풀스텍 개발,자바 풀스택&AI를 활용한 개발자양성 취업과정(APS플랫폼 개발),기본,심화,심화,기본,기본,기본,없음,기본,심화,심화
풀스텍 개발,"[프로젝트기반]자바 풀스택 개발자(React.js, Springboot, CI/CD 활용)",기본,심화,기본,심화,기본,기본,기본,심화,기본,심화
풀스텍 개발,지능형 블록체인 웹 개발자 양성과정,기본,기본,기본,기본,심화,심화,기본,기본,심화,심화
AI,빅데이터 기반 AI활용 앱&웹 개발자(풀스택) 취업캠프,심화,심화,심화,심화,기본,기본,심화,기본,심화,기본
AI,"[이스트캠프] AI 휴먼(멀티모달, TTS, STT, 프롬프트 엔지니어링, RAG)",심화,심화,심화,기본,기본,심화,심화,기본,기본,기본
AI,RDB 활용 GEN-AI 풀스택 개발자 과정,심화,심화,심화,심화,기본,기본,기본,기본,심화,기본
AI,AI기반 자율주행(ROS2) 산업융합 Biz모델 개발 과정,심화,심화,심화,기본,심화,기본,기본,기본,기본,기본
AI,심화_인공지능 YOLO기반 부트캠프,심화,심화,심화,기본,심화,없음,기본,기본,기본,기본
AI,심화_생성형 AI와 AWS 클라우드를 활용한 풀스택 & 자동화 실무 개발,심화,심화,심화,기본,기본,기본,심화,기본,심화,심화
AI,클라우드기반 AI 대화형 서비스 웹개발자 양성,심화,심화,심화,기본,기본,기본,기본,기본,심화,심화
AI,생성형AI 활용(인공지능)머신러닝 · 딥러닝 웹(앱)개발 과정,심화,심화,심화,기본,기본,기본,심화,기본,심화,기본
AI,융합_데이터 기반 차세대 디지털 헬스케어 AI 솔루션,심화,심화,심화,심화,기본,기본,기본,기본,기본,기본
AI,(기업연계형) AI를 이용한 스마트플랫폼 개발자 양성과정,심화,심화,심화,심화,기본,기본,기본,기본,심화,기본
AI,융합_건양대학교병원 바이오메디컬 인공지능,심화,심화,심화,기본,없음,없음,기본,기본,기본,기본
AI,[AWS] 바이오 헬스케어 AI 아카데미,심화,심화,심화,기본,기본,기본,기본,기본,기본,심화
AI,빅데이터 분석 및 AI(머신·딥러닝) 활용 개발 전문가 취업캠프,심화,심화,심화,심화,기본,기본,기본,기본,기본,기본
AI,재직자_[SK AX] 생성형 AI 서비스 개발 Skill-up (SKALA-G.AI),심화,심화,심화,기본,기본,기본,심화,기본,심화,기본
AI,재직자_INNER CIRCLE : 인공지능(AI) 마스터 Course,심화,심화,심화,기본,기본,기본,기본,기본,기본,기본
AI,AI기반 시스템 및 응용소프트웨어 개발자 양성과정,심화,심화,심화,기본,기본,기본,기본,기본,기본,기본
AI,"빅데이터(파이썬) 분석 기반 AI(머신러닝, 딥러닝) & 추천 알고리즘 개발",심화,심화,심화,심화,기본,기본,기본,기본,기본,기본
AI,GEN-AI RAG 문자(음성)데이터응용SW 개발자 과정,심화,심화,심화,심화,기본,심화,심화,기본,기본,기본
AI,언어지능기반 분석서비스 개발자과정,심화,심화,심화,기본,없음,심화,기본,기본,심화,기본
AI,실무로 배우는 생성형AI & 클라우드 서비스 개발 전문가 과정(GPT & LLM 활용),심화,심화,심화,기본,기본,심화,심화,기본,심화,심화
AI,생성 AI 응용 서비스 개발자 양성 과정,심화,심화,심화,기본,기본,기본,심화,기본,심화,기본
AI,"[이스트캠프] 와썹 AI 모델 개발(Python, 인공지능, 딥러닝)",심화,심화,심화,기본,기본,기본,기본,기본,기본,기본
AI,SK네트웍스 Family AI 캠프,심화,심화,심화,기본,기본,기본,기본,기본,기본,기본
AI,AI(인공지능) Lab,심화,심화,심화,기본,기본,기본,기본,기본,기본,기본
AI,융합_메티컬 AI with 스마트웰니스,심화,심화,심화,기본,없음,없음,기본,기본,기본,기본
AI,재직자_금융데이터를 활용한 AI 개발 심화 교육,심화,심화,심화,심화,기본,기본,기본,기본,기본,기본
AI,[Intel] 엣지 AI SW 아카데미,심화,심화,심화,기본,기본,기본,기본,심화,기본,기본
AI,심화_기업 연계형 실전 프로젝트 중심 AI과정_자연어처리(심화),심화,심화,심화,기본,기본,심화,기본,기본,기본,기본
AI,[Microsoft] 인공지능 SW 아카데미,심화,심화,심화,기본,기본,기본,기본,기본,기본,기본
AI,AWS AI School,심화,심화,심화,기본,기본,기본,기본,기본,기본,심화
AI,심화_기업 연계형 실전 프로젝트 중심 AI과정_이미지처리(심화),심화,심화,심화,기본,기본,기본,기본,기본,기본,기본
AI,기업맞춤형 AI+X 융복합 인재 양성 과정,심화,심화,심화,기본,기본,기본,기본,기본,기본,기본
AI,헬스케어 데이터 기반 인공지능 디지털 의료 웹 서비스 개발자 양성과정,심화,심화,심화,심화,기본,기본,기본,기본,심화,기본
AI,심화_생성형 AI활용 인재양성과정 (조별멘토),심화,심화,심화,기본,기본,기본,심화,기본,기본,기본
AI,AI 심화 캠프,심화,심화,심화,기본,기본,기본,기본,기본,기본,기본
AI,인공지능 핀봇(챗봇) 실무프로젝트,심화,심화,심화,기본,기본,심화,기본,기본,기본,기본
AI,AI·빅데이터 전문가 양성과정,심화,심화,심화,심화,기본,기본,기본,기본,기본,기본
AI,[에스트래픽] 스마트 모빌리티 DX Academy,심화,심화,심화,기본,기본,기본,기본,기본,기본,기본
AI,의료 Medical AI 분석 서비스 개발자 과정,심화,심화,심화,기본,없음,없음,기본,기본,심화,기본
AI,[아이펠]딥러닝 개발자 도약 과정,심화,심화,심화,기본,기본,기본,기본,기본,기본,기본
AI,"AI 서비스 개발자 (Search, 객체탐지, 판독)",심화,심화,심화,기본,심화,기본,기본,기본,심화,기본
AI,AI 기반 지능형 서비스 개발 전문가 과정,심화,심화,심화,기본,기본,기본,기본,기본,심화,기본
AI,[End-to-End] AI 개발자 마스터 과정,심화,심화,심화,기본,기본,기본,기본,기본,기본,기본
AI,"딥러닝 모델(자연어처리, 컴퓨터비전) 기반 AI 엔지니어 부트캠프",심화,심화,심화,기본,심화,심화,기본,기본,기본,기본
AI,[우리FIS 아카데미] AI 엔지니어링,심화,심화,심화,기본,기본,기본,기본,기본,기본,기본
AI,[K-디지털] 생성형 AI 기반 서비스 개발자 양성,심화,심화,심화,기본,기본,기본,심화,기본,심화,기본
AI,[대보정보통신] AI-X 스마트 교통 및 인프라 유지관리 아카데미,심화,심화,심화,기본,기본,기본,기본,기본,기본,기본
AI,재직자_AI Multi-Agent 서비스 실전프로젝트,심화,심화,심화,기본,기본,기본,기본,기본,심화,기본
AI,심화_AI기반 지능형 솔루션 개발 과정,심화,심화,심화,기본,기본,기본,기본,기본,기본,기본
AI,(현대로템) K-방산 AI모델 개발과정,심화,심화,심화,기본,기본,기본,기본,기본,기본,기본
AI,챗GPT를 활용한 자바(JAVA) 스프링 및 데이터 분석 시스템기반 웹 플랫폼 구축 과정,심화,심화,심화,심화,기본,심화,심화,기본,심화,기본
AI,[엔비디아] NVIDIA AI Academy,심화,심화,심화,기본,기본,기본,기본,기본,기본,기본
AI,[삼정] ESG 데이터 활용 AX Academy with AI Agent,심화,심화,심화,심화,기본,기본,기본,기본,기본,기본
AI,AI를 활용한 MVP 프로덕트 매니저 양성과정,심화,심화,심화,기본,기본,기본,기본,기본,기본,기본
AI,심화_AI Roboflow를 활용한 부유물탐지 시스템 구축과정,심화,심화,심화,기본,심화,없음,기본,기본,기본,기본
AI,융합_삼정 Future Academy,심화,심화,심화,기본,기본,기본,기본,기본,기본,기본
AI,AI 서비스 기획 개발 과정,심화,심화,심화,기본,기본,기본,기본,기본,기본,기본
AI,고품질 이미지 AI 모델 개발자 양성과정,심화,심화,심화,기본,심화,없음,기본,기본,기본,기본
AI,"빅데이터 분석을 위한 AI(머신러닝,딥러닝기반)서비스 개발자 양성(JAVA,파이썬)",심화,심화,심화,심화,기본,기본,기본,기본,심화,기본
AI,(기업연계형) AI와 유니티엔진을 활용한 게임제작 부트캠프,심화,심화,심화,기본,기본,기본,기본,기본,기본,기본
AI,심화_LowCode 기반의 AI융합 스마트관리시스템 개발 심화과정,심화,심화,심화,기본,기본,기본,기본,기본,기본,기본
AI,심화_생성형 Ai를 활용한 인공지능개발자 부트캠프,심화,심화,심화,기본,기본,기본,심화,기본,기본,기본
AI,융합_머신비전을 활용한 AI 기반의 첨단제조 분야 제어 SW 개발과정,심화,심화,심화,기본,심화,없음,기본,기본,기본,기본
AI,"AI를 활용한 자바(JAVA)개발자 (React, SpringBoot, LLM)",심화,심화,심화,기본,기본,심화,심화,기본,심화,기본
AI,인공지능 블록봇(챗봇) 실무프로젝트,심화,심화,심화,기본,심화,심화,심화,기본,기본,기본
게임,Unreal 기반 3D 게임 개발자 양성과정,심화,기본,기본,기본,심화,기본,심화,기본,기본,심화
게임,AI 네이티브 언리얼(Unreal) 게임프로그래밍(VR콘텐츠 제작 전문가 양성),심화,기본,기본,기본,심화,심화,심화,기본,기본,심화
게임,AI를 활용한 차세대 스마트 게임 개발자 양성과정,기본,기본,기본,기본,기본,심화,기본,기본,기본,심화
게임,"(언리얼엔진)3D게임 클라이언트 개발자 양성과정[VR, PC 등]",심화,기본,기본,기본,심화,기본,심화,기본,기본,심화
게임,(기업연계)VR을 활용한 메타버스 3D 가상콘텐츠 제작자 양성,기본,없음,없음,없음,심화,없음,심화,기본,없음,심화
게임,"(기업연계 프로젝트형)메타버스 크리에이터(C#, Unity3D)양성과정",심화,기본,기본,기본,심화,기본,심화,기본,기본,심화
게임,(기업연계형) AI와 유니티엔진을 활용한 게임제작 부트캠프,심화,기본,기본,기본,심화,심화,기본,기본,기본,심화
게임,기업주도형 유니티를 활용한 게임개발자(VR) 양성과정,심화,기본,기본,기본,심화,기본,심화,기본,기본,심화
게임,"3D엔진 활용 메타버스 게임 개발자(기획,디자인,개발) 양성",기본,기본,기본,기본,심화,기본,심화,기본,기본,심화
게임,XR 기술을 활용한 게임 개발자 부트캠프,기본,기본,기본,기본,기본,기본,심화,기본,기본,심화
게임,[네오위즈] Advanced K-Game Academy,기본,기본,기본,기본,기본,기본,기본,기본,기본,심화
게임,생성형 AI를 활용한 게임 기획자 부트캠프,기본,없음,없음,없음,심화,없음,심화,기본,없음,심화
게임,카티아 로보틱스 설계와 유니티 스마트팩토리 가상구현,심화,기본,기본,기본,심화,기본,기본,기본,기본,심화
게임,"(기업연계프로젝트형)메타버스 콘텐츠(Unity기반 실감형, VR/AR/XR)제작자 양성",기본,없음,없음,없음,심화,없음,심화,기본,없음,심화
게임,언리얼5를 이용한 미디어엔터테이먼트 콘텐츠 전문가 양성과정,심화,기본,기본,기본,심화,기본,기본,기본,기본,심화
게임,[K-디지털]XR기반 게임콘텐츠개발자양성(Unity활용),심화,기본,기본,기본,심화,기본,심화,기본,기본,심화
게임,XR기반 실감콘텐츠 개발자 양성과정,기본,기본,기본,기본,기본,기본,심화,기본,기본,심화
게임,엘리스 유니티(Unity) 엔지니어 트랙,심화,기본,기본,기본,심화,기본,기본,기본,기본,심화
게임,AI를 활용한 유니티 기반 실감형콘텐츠(디지털트윈) 개발자 양성과정,심화,기본,기본,기본,심화,심화,기본,기본,기본,심화
게임,[K-디지털]언리얼엔진을 활용한 실감형 가상현실콘텐츠개발,심화,기본,기본,기본,심화,기본,기본,기본,기본,심화
게임,"블렌더활용 VR 실감형콘텐츠(그래픽, 영상)",기본,없음,없음,없음,심화,없음,심화,기본,없음,심화
게임,프로그래밍 기반 얼라인 프로젝트,심화,기본,기본,기본,기본,기본,기본,기본,기본,심화
게임,융합_[NS홈쇼핑] 디지털 콘텐츠 버추얼 프로덕션 전문가 과정(아티스트),기본,없음,없음,없음,심화,없음,심화,기본,없음,심화
게임,(포텐업) 알고리즘을 활용한 네트워크 RPG 게임제작,기본,기본,기본,기본,기본,기본,기본,기본,심화,심화